index,school,city,threshold,address,city_clean,threshold_idx,RSPO,match_score,matched_nazwa,nazwa_szkoły,miejscowosc,PPP_mean,O_zdawalnosc,match_key,organ_prowadzacy,wojewodztwo,liczba_uczniow,miejscowosc_rspo,nazwa_rspo,specyfika
1,CII LO z Oddziałami Integracyjnymi im. Księdza Józefa Woźniaka,Warszawie,109.8,Warszawa ul. Bartnicza 2 03-358,Warszawa,1,56463,84,CII LICEUM OGÓLNOKSZTAŁCĄCE Z ODDZIAŁAMI INTEGRACYJNYMI IM. KSIĘDZA JÓZEFA WOŹNIAKA,CII LICEUM OGÓLNOKSZTAŁCĄCE Z ODDZIAŁAMI INTEGRACYJNYMI IM. KSIĘDZA JÓZEFA WOŹNIAKA,Warszawa,57.98411014333333,64.98042187333333,cii liceum ogólnokształcące z oddziałami integracyjnymi im. księdza józefa woźniaka,Miasto na prawach powiatu,MAZOWIECKIE,312.0,Targówek,CII LICEUM OGÓLNOKSZTAŁCĄCE Z ODDZIAŁAMI INTEGRACYJNYMI IM. KSIĘDZA JÓZEFA WOŹNIAKA,integracyjny
2,CLIX LO im. Króla Jana III Sobieskiego,Warszawie,160.501,ul. Solipska 17/19 02-482 Warszawa Włochy,Warszawa,2,133795,78,CLIX LICEUM OGÓLNOKSZTAŁCĄCE IM. KRÓLA JANA III SOBIESKIEGO,CLIX LICEUM OGÓLNOKSZTAŁCĄCE IM. KRÓLA JANA III SOBIESKIEGO,Warszawa,71.75538206333333,99.84276729666665,clix liceum ogólnokształcące im. króla jana iii sobieskiego,Miasto na prawach powiatu,MAZOWIECKIE,810.0,Włochy,CLIX LICEUM OGÓLNOKSZTAŁCĄCE IM. KRÓLA JANA III SOBIESKIEGO,"ogólnodostępny, dwujęzyczny w szkole podstawowej, liceum i technikum"
3,CLV LO z Oddziałami Dwujęzycznymi im. Bohaterek Powstania Warszawskiego,Warszawie,146.23999999999998,ul. Wojciecha Żywnego 25 02-701 Warszawa,Warszawa,3,133453,86,CLV LICEUM OGÓLNOKSZTAŁCĄCE Z ODDZIAŁAMI DWUJĘZYCZNYMI IM. BOHATEREK POWSTANIA WARSZAWSKIEGO,CLV LICEUM OGÓLNOKSZTAŁCĄCE Z ODDZIAŁAMI DWUJĘZYCZNYMI IM. BOHATEREK POWSTANIA WARSZAWSKIEGO,Warszawa,78.53552133,100.0,clv liceum ogólnokształcące z oddziałami dwujęzycznymi im. bohaterek powstania warszawskiego,Miasto na prawach powiatu,MAZOWIECKIE,773.0,Mokotów,CLV LICEUM OGÓLNOKSZTAŁCĄCE Z ODDZIAŁAMI DWUJĘZYCZNYMI IM. BOHATEREK POWSTANIA WARSZAWSKIEGO,"ogólnodostępny, dwujęzyczny w szkole podstawowej, liceum i technikum"
5,CLVII LO im. Marii Skłodowskiej - Curie,Warszawie,166.92857142857142,ul. Świętokrzyska 18A 00-052 Warszawa Śródmieście,Warszawa,5,263334,76,CLVII LICEUM OGÓLNOKSZTAŁCĄCE IM. MARII SKŁODOWSKIEJ-CURIE,CLVII LICEUM OGÓLNOKSZTAŁCĄCE IM. MARII SKŁODOWSKIEJ-CURIE,Warszawa,77.63825829,100.0,clvii liceum ogólnokształcące im. marii skłodowskiej-curie,Miasto na prawach powiatu,MAZOWIECKIE,735.0,Śródmieście,CLVII LICEUM OGÓLNOKSZTAŁCĄCE IM. MARII SKŁODOWSKIEJ-CURIE,ogólnodostępny
6,CLVIII LO z Oddziałami Dwujęzycznymi im. Księżnej Izabeli Czartoryjskiej,Warszawie,167.92,ul. Stefana Szolc-Rogozińskiego 2 02-777 Warszawa Ursynów,Warszawa,6,133365,86,CLVIII LICEUM OGÓLNOKSZTAŁCĄCE Z ODDZIAŁAMI DWUJĘZYCZNYMI IM. KSIĘŻNEJ IZABELI CZARTORYSKIEJ,CLVIII LICEUM OGÓLNOKSZTAŁCĄCE Z ODDZIAŁAMI DWUJĘZYCZNYMI IM. KSIĘŻNEJ IZABELI CZARTORYSKIEJ,Warszawa,69.90236382666667,98.78970532,clviii liceum ogólnokształcące z oddziałami dwujęzycznymi im. księżnej izabeli czartoryskiej,Miasto na prawach powiatu,MAZOWIECKIE,591.0,Ursynów,CLVIII LICEUM OGÓLNOKSZTAŁCĄCE Z ODDZIAŁAMI DWUJĘZYCZNYMI IM. KSIĘŻNEJ IZABELI CZARTORYSKIEJ,"ogólnodostępny, dwujęzyczny w szkole podstawowej, liceum i technikum"
8,CLXI Liceum Ogólnokształcące im. Władysława Bartoszewskiego,Warszawie,138.65833333333333,ul. Smocza 19 01-051 Warszawa Wola,Warszawa,8,40982,73,VIII LICEUM OGÓLNOKSZTAŁCĄCE IM. WŁADYSŁAWA IV,VIII LICEUM OGÓLNOKSZTAŁCĄCE IM. WŁADYSŁAWA IV,Warszawa,80.06814059,100.0,viii liceum ogólnokształcące im. władysława iv,Miasto na prawach powiatu,MAZOWIECKIE,622.0,Praga-Północ,VIII LICEUM OGÓLNOKSZTAŁCĄCE IM. WŁADYSŁAWA IV,ogólnodostępny
9,CLXII LO im. Szarych Szeregów,Warszawie,88.67142857142856,ul. Turmoncka 2 03-254 Warszawa Targówek,Warszawa,9,267034,73,CLXII LICEUM OGÓLNOKSZTAŁCĄCE IM. SZARYCH SZEREGÓW,CLXII LICEUM OGÓLNOKSZTAŁCĄCE IM. SZARYCH SZEREGÓW,Warszawa,63.778111550000006,98.96703296666665,clxii liceum ogólnokształcące im. szarych szeregów,Miasto na prawach powiatu,MAZOWIECKIE,487.0,Targówek,CLXII LICEUM OGÓLNOKSZTAŁCĄCE IM. SZARYCH SZEREGÓW,"ogólnodostępny, integracyjny, sportowy"
10,CLXIII Liceum Ogólnokształcące,Warszawie,160.85,ul. Klimatyczna 1 05-077 Warszawa Wesoła,Warszawa,10,270871,100,CLXIII LICEUM OGÓLNOKSZTAŁCĄCE,CLXIII LICEUM OGÓLNOKSZTAŁCĄCE,Warszawa,71.88199623666667,99.06929304333335,clxiii liceum ogólnokształcące,Miasto na prawach powiatu,MAZOWIECKIE,601.0,Wesoła,CLXIII LICEUM OGÓLNOKSZTAŁCĄCE IM. CZESŁAWA NIEMENA,ogólnodostępny
11,CLXIV Liceum Ogólnokształcące Mistrzostwa Sportowego,Warszawie,94.36666666666667,ul. Chełmska 23 00-724 Warszawa Mokotów,Warszawa,11,271907,100,CLXIV LICEUM OGÓLNOKSZTAŁCĄCE MISTRZOSTWA SPORTOWEGO,CLXIV LICEUM OGÓLNOKSZTAŁCĄCE MISTRZOSTWA SPORTOWEGO,Warszawa,61.62008011333334,94.67084639666666,clxiv liceum ogólnokształcące mistrzostwa sportowego,Miasto na prawach powiatu,MAZOWIECKIE,168.0,Mokotów,CLXIV LICEUM OGÓLNOKSZTAŁCĄCE MISTRZOSTWA SPORTOWEGO,"ogólnodostępny, mistrzostwa sportowego"
12,CLXV Liceum Ogólnokształcące,Warszawie,122.44000000000001,ul. Ostródzka 175 03-289 Warszawa Białołęka,Warszawa,12,274376,100,CLXV LICEUM OGÓLNOKSZTAŁCĄCE,CLXV LICEUM OGÓLNOKSZTAŁCĄCE,Warszawa,72.296731025,100.0,clxv liceum ogólnokształcące,Miasto na prawach powiatu,MAZOWIECKIE,500.0,Białołęka,CLXV LICEUM OGÓLNOKSZTAŁCĄCE,"ogólnodostępny, integracyjny"
13,CLXVI Liceum Ogólnokształcące Z Oddziałami Sportowymi,Warszawie,205.4625,ul. Koncertowa 4 02-787 Warszawa Ursynów,Warszawa,13,25173,75,XCII LICEUM OGÓLNOKSZTAŁCĄCE Z ODDZIAŁAMI INTEGRACYJNYMI,XCII LICEUM OGÓLNOKSZTAŁCĄCE Z ODDZIAŁAMI INTEGRACYJNYMI,Warszawa,59.46868823,88.99707396000001,xcii liceum ogólnokształcące z oddziałami integracyjnymi,Miasto na prawach powiatu,MAZOWIECKIE,322.0,Wola,XCII LICEUM OGÓLNOKSZTAŁCĄCE Z ODDZIAŁAMI INTEGRACYJNYMI,"ogólnodostępny, integracyjny"
14,CV LO im. Zbigniewa Herberta,Warszawie,146.55416666666667,ul. Vincenta van Gogha 1 03-188 Warszawa Białołęka,Warszawa,14,110260,73,CV LICEUM OGÓLNOKSZTAŁCĄCE IM.ZBIGNIEWA HERBERTA,CV LICEUM OGÓLNOKSZTAŁCĄCE IM.ZBIGNIEWA HERBERTA,Warszawa,70.94106518,100.0,cv liceum ogólnokształcące im.zbigniewa herberta,Miasto na prawach powiatu,MAZOWIECKIE,853.0,Białołęka,CV LICEUM OGÓLNOKSZTAŁCĄCE IM.ZBIGNIEWA HERBERTA,ogólnodostępny
15,CX LO im. Roberta Schumana,Warszawie,130.45,ul. Jana III Sobieskiego 68 02-930 Warszawa Mokotów,Warszawa,15,83621,71,CX LICEUM OGÓLNOKSZTAŁCĄCE IM. ROBERTA SCHUMANA,CX LICEUM OGÓLNOKSZTAŁCĄCE IM. ROBERTA SCHUMANA,Warszawa,63.372609329999996,95.92666334666667,cx liceum ogólnokształcące im. roberta schumana,Miasto na prawach powiatu,MAZOWIECKIE,386.0,Mokotów,CX LICEUM OGÓLNOKSZTAŁCĄCE IM. ROBERTA SCHUMANA,ogólnodostępny
16,CXI LO z Oddziałami Integracyjnymi im. Stefana Kisielewskiego,Warszawie,103.39999999999999,ul. Szczawnicka 1 04-089 Warszawa Praga-Południe,Warszawa,16,24585,84,CXI LICEUM OGÓLNOKSZTAŁCĄCE Z ODDZIAŁAMI INTEGRACYJNYMI IM. STEFANA KISIELEWSKIEGO,CXI LICEUM OGÓLNOKSZTAŁCĄCE Z ODDZIAŁAMI INTEGRACYJNYMI IM. STEFANA KISIELEWSKIEGO,Warszawa,50.116115176666675,61.33540372666667,cxi liceum ogólnokształcące z oddziałami integracyjnymi im. stefana kisielewskiego,Miasto na prawach powiatu,MAZOWIECKIE,303.0,Praga-Południe,CXI LICEUM OGÓLNOKSZTAŁCĄCE Z ODDZIAŁAMI INTEGRACYJNYMI IM. STEFANA KISIELEWSKIEGO,"ogólnodostępny, integracyjny"
18,CXIX LO im. Jacka Kuronia,Warszawie,146.60625000000002,ul. Złota 58 00-821 Warszawa Wola,Warszawa,18,16429,71,CXIX LICEUM OGÓLNOKSZTAŁCĄCE IM. JACKA KURONIA,CXIX LICEUM OGÓLNOKSZTAŁCĄCE IM. JACKA KURONIA,Warszawa,74.59429126666667,99.63768116,cxix liceum ogólnokształcące im. jacka kuronia,Miasto na prawach powiatu,MAZOWIECKIE,503.0,Wola,CXIX LICEUM OGÓLNOKSZTAŁCĄCE IM. JACKA KURONIA,ogólnodostępny
19,CXXII LO im. Ignacego Domeyki,Warszawie,172.54166666666666,ul. Leopolda Staffa 3/5 01-891 Warszawa Bielany,Warszawa,19,34506,74,CXXII LICEUM OGÓLNOKSZTAŁCĄCE IM. IGNACEGO DOMEYKI,CXXII LICEUM OGÓLNOKSZTAŁCĄCE IM. IGNACEGO DOMEYKI,Warszawa,78.09595911666666,100.0,cxxii liceum ogólnokształcące im. ignacego domeyki,Miasto na prawach powiatu,MAZOWIECKIE,689.0,Bielany,CXXII LICEUM OGÓLNOKSZTAŁCĄCE IM. IGNACEGO DOMEYKI,ogólnodostępny
20,CXXV LO im. Waldemara Milewicza,Warszawie,102.3625,ul. Chłodna 36/46 00-872 Warszawa Wola,Warszawa,20,20580,72,CXXV LICEUM OGÓLNOKSZTAŁCĄCE IM. WALDEMARA MILEWICZA,CXXV LICEUM OGÓLNOKSZTAŁCĄCE IM. WALDEMARA MILEWICZA,Warszawa,62.78122710666667,88.39743589666666,cxxv liceum ogólnokształcące im. waldemara milewicza,Miasto na prawach powiatu,MAZOWIECKIE,435.0,Wola,CXXV LICEUM OGÓLNOKSZTAŁCĄCE IM. WALDEMARA MILEWICZA,"ogólnodostępny, przygotowania wojskowego"
21,CXXXVII LO z Oddziałami Dwujęzycznymi im. Roberta Schumana,Warszawie,132.74285714285713,ul. Olgierda 35/41 03-536 Warszawa Targówek,Warszawa,21,44248,84,CXXXVII LICEUM OGÓLNOKSZTAŁCĄCE Z ODDZIAŁAMI DWUJĘZYCZNYMI IM. ROBERTA SCHUMANA,CXXXVII LICEUM OGÓLNOKSZTAŁCĄCE Z ODDZIAŁAMI DWUJĘZYCZNYMI IM. ROBERTA SCHUMANA,Warszawa,74.56474736333332,100.0,cxxxvii liceum ogólnokształcące z oddziałami dwujęzycznymi im. roberta schumana,Miasto na prawach powiatu,MAZOWIECKIE,679.0,Targówek,CXXXVII LICEUM OGÓLNOKSZTAŁCĄCE Z ODDZIAŁAMI DWUJĘZYCZNYMI IM. ROBERTA SCHUMANA,"ogólnodostępny, dwujęzyczny w szkole podstawowej, liceum i technikum"
22,Dwujęzyczne Liceum Uniwersyteckie im. Stanisława Barańczaka w Rzeszowie,Rzeszowie,130.75,,Rzeszów,22,119731,100,DWUJĘZYCZNE LICEUM UNIWERSYTECKIE IM. STANISŁAWA BARAŃCZAKA W RZESZOWIE,DWUJĘZYCZNE LICEUM UNIWERSYTECKIE IM. STANISŁAWA BARAŃCZAKA W RZESZOWIE,Rzeszów,71.14592592666666,100.0,dwujęzyczne liceum uniwersyteckie im. stanisława barańczaka w rzeszowie,Uczelnia Publiczna,PODKARPACKIE,188.0,Rzeszów,DWUJĘZYCZNE LICEUM UNIWERSYTECKIE IM. STANISŁAWA BARAŃCZAKA W RZESZOWIE,"dwujęzyczny w szkole podstawowej, liceum i technikum"
23,Europejskie Liceum Ogólnokształcące we Wrocławiu,Wroclaw,57.625,Wrocław ul. Marszowicka 150 54-078,Wrocław,23,21328,80,"ZAOCZNE LICEUM OGÓLNOKSZTAŁCĄCE ""COSINUS"" WE WROCŁAWIU","ZAOCZNE LICEUM OGÓLNOKSZTAŁCĄCE ""COSINUS"" WE WROCŁAWIU",Wrocław,42.494222750000006,32.61682243,"zaoczne liceum ogólnokształcące ""cosinus"" we wrocławiu",Fundacje,DOLNOŚLĄSKIE,1145.0,Wrocław-Krzyki,"ZAOCZNE LICEUM OGÓLNOKSZTAŁCĄCE ""COSINUS"" WE WROCŁAWIU",ogólnodostępny
29,"I LO im. Danuty Siedzikówny ""Inki""",Wroclaw,145.98333333333332,ul. Księcia Józefa Poniatowskiego 9 50-326 Wrocław Śródmieście,Wrocław,29,11472,72,"LICEUM OGÓLNOKSZTAŁCĄCE NR I IM. DANUTY SIEDZIKÓWNY ""INKI""","LICEUM OGÓLNOKSZTAŁCĄCE NR I IM. DANUTY SIEDZIKÓWNY ""INKI""",Wrocław,71.37826326666666,99.29903495333333,"liceum ogólnokształcące nr i im. danuty siedzikówny ""inki""",Miasto na prawach powiatu,DOLNOŚLĄSKIE,908.0,Wrocław-Śródmieście,"LICEUM OGÓLNOKSZTAŁCĄCE NR I IM. DANUTY SIEDZIKÓWNY ""INKI",ogólnodostępny
31,I LO im. Juliusza Słowackiego,Częstochowie,131.9375,al. Aleja Tadeusza Kościuszki 8 42-202 Częstochowa Śródmieście,Częstochowie,31,38949,74,I LICEUM OGÓLNOKSZTAŁCĄCE IM. JULIUSZA SŁOWACKIEGO,I LICEUM OGÓLNOKSZTAŁCĄCE IM. JULIUSZA SŁOWACKIEGO,Częstochowa,75.61917927333333,99.75308642,i liceum ogólnokształcące im. juliusza słowackiego,Miasto na prawach powiatu,ŚLĄSKIE,644.0,Częstochowa,I LICEUM OGÓLNOKSZTAŁCĄCE IM. JULIUSZA SŁOWACKIEGO,ogólnodostępny
32,I LO im. Karola Marcinkowskiego,Poznaniu,172.17499999999998,Poznań ul. Bukowska 16 60-809 Poznań-Grunwald Grunwald,Poznań,32,79204,72,I LICEUM OGÓLNOKSZTAŁCĄCE IM. KAROLA MARCINKOWSKIEGO,I LICEUM OGÓLNOKSZTAŁCĄCE IM. KAROLA MARCINKOWSKIEGO,Poznań,79.94228013333333,100.0,i liceum ogólnokształcące im. karola marcinkowskiego,Miasto na prawach powiatu,WIELKOPOLSKIE,788.0,Poznań,I LICEUM OGÓLNOKSZTAŁCĄCE IM. KAROLA MARCINKOWSKIEGO,"ogólnodostępny, dwujęzyczny w szkole podstawowej, liceum i technikum"
43,I LO z oddziałem integracyjnym im. Bolesława Limanowskiego,Warszawie,154.17777777777778,ul. Alojzego Felińskiego 15 01-513 Warszawa Żoliborz,Warszawa,43,19730,78,I LICEUM OGÓLNOKSZTAŁCĄCE Z ODDZIAŁAMI INTEGRACYJNYMI IM. BOLESŁAWA LIMANOWSKIEGO,I LICEUM OGÓLNOKSZTAŁCĄCE Z ODDZIAŁAMI INTEGRACYJNYMI IM. BOLESŁAWA LIMANOWSKIEGO,Warszawa,73.09314535666667,100.0,i liceum ogólnokształcące z oddziałami integracyjnymi im. bolesława limanowskiego,Miasto na prawach powiatu,MAZOWIECKIE,720.0,Żoliborz,I LICEUM OGÓLNOKSZTAŁCĄCE Z ODDZIAŁAMI INTEGRACYJNYMI IM. BOLESŁAWA LIMANOWSKIEGO,"ogólnodostępny, integracyjny"
44,I Liceum Ogólnokształcące im. M. Kopernika,Bielsku-Białej,163.47,ul. Listopadowa 70 43-300 Bielsko-Biała,Bielsku-Białej,44,9380,99,II LICEUM OGÓLNOKSZTAŁCĄCE IM M. KOPERNIKA,II LICEUM OGÓLNOKSZTAŁCĄCE IM M. KOPERNIKA,Włocławek,61.831892970000006,96.69757801666667,ii liceum ogólnokształcące im m. kopernika,Miasto na prawach powiatu,KUJAWSKO-POMORSKIE,563.0,Włocławek,II LICEUM OGÓLNOKSZTAŁCĄCE IM M. KOPERNIKA,ogólnodostępny
46,II LO im. Gabriela Narutowicza,Łodzi,107.08333333333333,ul. Nowa 11/13 90-031 Łódź Widzew,Łódź,46,22518,72,II LICEUM OGÓLNOKSZTAŁCĄCE IM. GABRIELA NARUTOWICZA,II LICEUM OGÓLNOKSZTAŁCĄCE IM. GABRIELA NARUTOWICZA,Łódź,66.95074696666667,98.80952381000002,ii liceum ogólnokształcące im. gabriela narutowicza,Miasto na prawach powiatu,ŁÓDZKIE,494.0,Łódź-Widzew,II LICEUM OGÓLNOKSZTAŁCĄCE IM. GABRIELA NARUTOWICZA,ogólnodostępny
47,II LO im. Generałowej Zamoyskiej I Heleny Modrzejewskiej,Poznaniu,190.83333333333334,Poznań ul. Jana Matejki 8/10 60-766 Poznań-Grunwald Grunwald,Poznań,47,82414,83,II LICEUM OGÓLNOKSZTAŁCĄCE IM. GENERAŁOWEJ ZAMOYSKIEJ I HELENY MODRZEJEWSKIEJ,II LICEUM OGÓLNOKSZTAŁCĄCE IM. GENERAŁOWEJ ZAMOYSKIEJ I HELENY MODRZEJEWSKIEJ,Poznań,80.08777651999999,100.0,ii liceum ogólnokształcące im. generałowej zamoyskiej i heleny modrzejewskiej,Miasto na prawach powiatu,WIELKOPOLSKIE,511.0,Poznań-Grunwald,II LICEUM OGÓLNOKSZTAŁCĄCE IM. GENERAŁOWEJ ZAMOYSKIEJ I HELENY MODRZEJEWSKIEJ,"ogólnodostępny, międzynarodowy"
52,II LO im. Królowej Jadwigi,Toruniu,70.96249999999999,ul. Kosynierów Kościuszkowskich 6 87-100 Toruń Na Skarpie,Toruń,52,83866,71,II LICEUM OGÓLNOKSZTAŁCĄCE IM. KRÓLOWEJ JADWIGI,II LICEUM OGÓLNOKSZTAŁCĄCE IM. KRÓLOWEJ JADWIGI,Toruń,58.17951541333334,91.93513316666667,ii liceum ogólnokształcące im. królowej jadwigi,Miasto na prawach powiatu,KUJAWSKO-POMORSKIE,571.0,Toruń,II LICEUM OGÓLNOKSZTAŁCĄCE IM. KRÓLOWEJ JADWIGI,"ogólnodostępny, sportowy, profil mundurowy"
59,II LO im. Romualda Traugutta,Częstochowie,132.18,ul. Jana Kilińskiego 62 42-218 Częstochowa Tysiąclecie,Częstochowie,59,40944,73,II LICEUM OGÓLNOKSZTAŁCĄCE IM. ROMUALDA TRAUGUTTA,II LICEUM OGÓLNOKSZTAŁCĄCE IM. ROMUALDA TRAUGUTTA,Częstochowa,69.05420703,99.43740208000001,ii liceum ogólnokształcące im. romualda traugutta,Miasto na prawach powiatu,ŚLĄSKIE,643.0,Częstochowa,II LICEUM OGÓLNOKSZTAŁCĄCE IM. ROMUALDA TRAUGUTTA,ogólnodostępny
63,II Liceum Ogólnokształcące im. A. Asnyka,Bielsku-Białej,128.625,ul. Jutrzenki 13 43-300 Bielsko-Biała,Bielsku-Białej,63,22523,85,VIII LICEUM OGÓLNOKSZTAŁCĄCE IM. ADAMA ASNYKA,VIII LICEUM OGÓLNOKSZTAŁCĄCE IM. ADAMA ASNYKA,Łódź,70.07261366,99.74358974333335,viii liceum ogólnokształcące im. adama asnyka,Miasto na prawach powiatu,ŁÓDZKIE,625.0,Łódź-Śródmieście,VIII LICEUM OGÓLNOKSZTAŁCĄCE IM. ADAMA ASNYKA,"ogólnodostępny, dwujęzyczny w szkole podstawowej, liceum i technikum"
64,II Ogólnokształcące Liceum Ekologiczne Z Oddziałami Integracyjnymi Im.unii Europejskiej w Zespole Szkół Ekologicznych w Zielonej Górze,Zielonej,125.39166666666668,ul. Francuska 25a 65-943 Zielona Góra,Zielonej,64,17878,100,II OGÓLNOKSZTAŁCĄCE LICEUM EKOLOGICZNE Z ODDZIAŁAMI INTEGRACYJNYMI IM.UNII EUROPEJSKIEJ W ZESPOLE SZKÓŁ EKOLOGICZNYCH W ZIELONEJ GÓRZE,II OGÓLNOKSZTAŁCĄCE LICEUM EKOLOGICZNE Z ODDZIAŁAMI INTEGRACYJNYMI IM.UNII EUROPEJSKIEJ W ZESPOLE SZKÓŁ EKOLOGICZNYCH W ZIELONEJ GÓRZE,Zielona Góra,65.13203463333333,97.39808802333334,ii ogólnokształcące liceum ekologiczne z oddziałami integracyjnymi im.unii europejskiej w zespole szkół ekologicznych w zielonej górze,Miasto na prawach powiatu,LUBUSKIE,542.0,Zielona Góra,II OGÓLNOKSZTAŁCĄCE LICEUM EKOLOGICZNE Z ODDZIAŁAMI INTEGRACYJNYMI IM.UNII EUROPEJSKIEJ W ZESPOLE SZKÓŁ EKOLOGICZNYCH W ZIELONEJ GÓRZE,"ogólnodostępny, integracyjny"
77,III LO im. Mikołaja Kopernika,Szczecinie,117.43333333333334,ul. Pomorska 150 70-812 Szczecin Prawobrzeże,Szczecin,77,3893,71,III LICEUM OGÓLNOKSZTAŁCĄCE IM. MIKOŁAJA KOPERNIKA,III LICEUM OGÓLNOKSZTAŁCĄCE IM. MIKOŁAJA KOPERNIKA,Szczecin,67.83408605,99.65277777666667,iii liceum ogólnokształcące im. mikołaja kopernika,Miasto na prawach powiatu,ZACHODNIOPOMORSKIE,513.0,Szczecin,III LICEUM OGÓLNOKSZTAŁCĄCE IM. MIKOŁAJA KOPERNIKA,ogólnodostępny
78,III LO im. Smuela Bogumiła Lindego,Toruniu,111.075,ul. Leona Raszei 1 87-100 Toruń Na Skarpie,Toruń,78,8461,76,III LICEUM OGÓLNOKSZTAŁCĄCE IM. SAMUELA BOGUMIŁA LINDEGO,III LICEUM OGÓLNOKSZTAŁCĄCE IM. SAMUELA BOGUMIŁA LINDEGO,Toruń,62.19193774666667,95.91091969333333,iii liceum ogólnokształcące im. samuela bogumiła lindego,Miasto na prawach powiatu,KUJAWSKO-POMORSKIE,826.0,Toruń,III LICEUM OGÓLNOKSZTAŁCĄCE IM. SAMUELA BOGUMIŁA LINDEGO,ogólnodostępny
79,III LO im. Tadeusza Kościuszki,Łodzi,156.15,ul. Henryka Sienkiewicza 46 90-009 Łódź Śródmieście,Łódź,79,22519,74,III LICEUM OGÓLNOKSZTAŁCĄCE IM. TADEUSZA KOŚCIUSZKI,III LICEUM OGÓLNOKSZTAŁCĄCE IM. TADEUSZA KOŚCIUSZKI,Łódź,71.35595158,100.0,iii liceum ogólnokształcące im. tadeusza kościuszki,Miasto na prawach powiatu,ŁÓDZKIE,501.0,Łódź-Śródmieście,III LICEUM OGÓLNOKSZTAŁCĄCE IM. TADEUSZA KOŚCIUSZKI,ogólnodostępny
81,III LO im. gen. Józefa Sowińskiego,Warszawie,155.31666666666666,ul. Rogalińska 2 01-206 Warszawa Wola,Warszawa,81,16422,76,III LICEUM OGÓLNOKSZTAŁCĄCE IM. GEN. JÓZEFA SOWIŃSKIEGO,III LICEUM OGÓLNOKSZTAŁCĄCE IM. GEN. JÓZEFA SOWIŃSKIEGO,Warszawa,69.11026942666666,99.59121355666667,iii liceum ogólnokształcące im. gen. józefa sowińskiego,Miasto na prawach powiatu,MAZOWIECKIE,831.0,Wola,III LICEUM OGÓLNOKSZTAŁCĄCE IM. GEN. JÓZEFA SOWIŃSKIEGO,ogólnodostępny
83,III LO im. św. Jana Kantego,Poznaniu,167.60000000000002,Poznań ul. Strzelecka 10 61-845 Poznań-Stare Miasto Stare Miasto,Poznań,83,31832,71,III LICEUM OGÓLNOKSZTAŁCĄCE IM. ŚW. JANA KANTEGO,III LICEUM OGÓLNOKSZTAŁCĄCE IM. ŚW. JANA KANTEGO,Poznań,76.02833456,100.0,iii liceum ogólnokształcące im. św. jana kantego,Miasto na prawach powiatu,WIELKOPOLSKIE,667.0,Poznań,III LICEUM OGÓLNOKSZTAŁCĄCE IM. ŚW. JANA KANTEGO,ogólnodostępny
84,III Liceum Ogólnokształcące z Oddziałami Dwujęzycznymi w ZSO im. Stefana Żeromskiego,Bielsku-Białej,159.98,ul. Bohaterów Warszawy 20 43-300 Bielsko-Biała,Bielsku-Białej,84,16426,93,XL LICEUM OGÓLNOKSZTAŁCĄCE Z ODDZIAŁAMI DWUJĘZYCZNYMI IM. STEFANA ŻEROMSKIEGO,XL LICEUM OGÓLNOKSZTAŁCĄCE Z ODDZIAŁAMI DWUJĘZYCZNYMI IM. STEFANA ŻEROMSKIEGO,Warszawa,81.78212007666667,100.0,xl liceum ogólnokształcące z oddziałami dwujęzycznymi im. stefana żeromskiego,Miasto na prawach powiatu,MAZOWIECKIE,723.0,Wola,XL LICEUM OGÓLNOKSZTAŁCĄCE Z ODDZIAŁAMI DWUJĘZYCZNYMI IM. STEFANA ŻEROMSKIEGO,"ogólnodostępny, dwujęzyczny w szkole podstawowej, liceum i technikum"
89,IV LO im. Emilii Sczanieckiej,Łodzi,145.8357142857143,ul. Pomorska 16 91-416 Łódź Śródmieście,Łódź,89,22521,74,IV LICEUM OGÓLNOKSZTAŁCĄCE IM. EMILII SCZANIECKIEJ,IV LICEUM OGÓLNOKSZTAŁCĄCE IM. EMILII SCZANIECKIEJ,Łódź,69.39539963,99.62546816333334,iv liceum ogólnokształcące im. emilii sczanieckiej,Miasto na prawach powiatu,ŁÓDZKIE,580.0,Łódź-Śródmieście,IV LICEUM OGÓLNOKSZTAŁCĄCE IM. EMILII SCZANIECKIEJ,"ogólnodostępny, międzynarodowy, dwujęzyczny w szkole podstawowej, liceum i technikum"
90,IV LO im. Henryka Sienkiewicza,Częstochowie,82.8,al. Aleja Najświętszej Maryi Panny 56 42-217 Częstochowa Śródmieście,Częstochowie,90,12034,75,LICEUM OGÓLNOKSZTAŁCĄCE IM. HENRYKA SIENKIEWICZA,LICEUM OGÓLNOKSZTAŁCĄCE IM. HENRYKA SIENKIEWICZA,Września,70.68780895666667,99.07139644,liceum ogólnokształcące im. henryka sienkiewicza,Powiat ziemski,WIELKOPOLSKIE,645.0,Września,LICEUM OGÓLNOKSZTAŁCĄCE IM. HENRYKA SIENKIEWICZA,"ogólnodostępny, dwujęzyczny w szkole podstawowej, liceum i technikum"
92,IV LO im. Komisji Edukacji Narodowej,Poznaniu,161.15555555555554,Poznań ul. Swojska 6 60-592 Poznań-Jeżyce Jeżyce,Poznań,92,31841,76,IV LICEUM OGÓLNOKSZTAŁCĄCE IM. KOMISJI EDUKACJI NARODOWEJ,IV LICEUM OGÓLNOKSZTAŁCĄCE IM. KOMISJI EDUKACJI NARODOWEJ,Poznań,72.33323730333333,99.76190476333333,iv liceum ogólnokształcące im. komisji edukacji narodowej,Miasto na prawach powiatu,WIELKOPOLSKIE,684.0,Poznań-Jeżyce,IV LICEUM OGÓLNOKSZTAŁCĄCE IM. KOMISJI EDUKACJI NARODOWEJ,ogólnodostępny
95,IV LO im. Stefana Żeromskiego,Wroclaw,154.29444444444445,ul. Stacha Świstackiego 12-14 50-430 Wrocław Krzyki,Wrocław,95,11475,71,LICEUM OGÓLNOKSZTAŁCĄCE NR IV IM. STEFANA ŻEROMSKIEGO,LICEUM OGÓLNOKSZTAŁCĄCE NR IV IM. STEFANA ŻEROMSKIEGO,Wrocław,70.71708918,99.8015873,liceum ogólnokształcące nr iv im. stefana żeromskiego,Miasto na prawach powiatu,DOLNOŚLĄSKIE,958.0,Wrocław-Krzyki,LICEUM OGÓLNOKSZTAŁCĄCE NR IV IM. STEFANA ŻEROMSKIEGO,ogólnodostępny
98,IV LO im. Tadeusza Kościuszki,Toruniu,161.66,ul. Warszawska 1/5 87-100 Toruń Stare Miasto,Toruń,98,84029,74,IV LICEUM OGÓLNOKSZTAŁCĄCE IM. TADEUSZA KOŚCIUSZKI,IV LICEUM OGÓLNOKSZTAŁCĄCE IM. TADEUSZA KOŚCIUSZKI,Toruń,70.15190212666667,100.0,iv liceum ogólnokształcące im. tadeusza kościuszki,Miasto na prawach powiatu,KUJAWSKO-POMORSKIE,665.0,Toruń,IV LICEUM OGÓLNOKSZTAŁCĄCE IM. TADEUSZA KOŚCIUSZKI,ogólnodostępny
101,IV Liceum Ogólnokształcące im. KEN,Bielsku-Białej,137.73749999999998,ul. prof. dr. Mieczysława Michałowicza 55 43-300 Bielsko-Biała,Bielsku-Białej,101,8579,88,II LICEUM OGÓLNOKSZTAŁCĄCE,II LICEUM OGÓLNOKSZTAŁCĄCE,Choszczno,49.6,60.0,ii liceum ogólnokształcące,Powiat ziemski,ZACHODNIOPOMORSKIE,0.0,Choszczno,II LICEUM OGÓLNOKSZTAŁCĄCE,
106,IX LO im. Jarosława Dąbrowskiego,Łodzi,97.375,ul. Ignacego Paderewskiego 24 93-025 Łódź Górna,Łódź,106,22524,76,IX LICEUM OGÓLNOKSZTAŁCĄCE IM. JAROSŁAWA DĄBROWSKIEGO,IX LICEUM OGÓLNOKSZTAŁCĄCE IM. JAROSŁAWA DĄBROWSKIEGO,Łódź,63.633701136666666,98.54972148999998,ix liceum ogólnokształcące im. jarosława dąbrowskiego,Miasto na prawach powiatu,ŁÓDZKIE,550.0,Łódź-Górna,IX LICEUM OGÓLNOKSZTAŁCĄCE IM. JAROSŁAWA DĄBROWSKIEGO,ogólnodostępny
107,IX LO im. Juliusza Słowackiego,Wroclaw,165.20666666666668,ul. ks. Piotra Skargi 31 50-082 Wrocław Stare Miasto,Wrocław,107,68270,72,LICEUM OGÓLNOKSZTAŁCĄCE NR IX IM. JULIUSZA SŁOWACKIEGO,LICEUM OGÓLNOKSZTAŁCĄCE NR IX IM. JULIUSZA SŁOWACKIEGO,Wrocław,74.37481848666667,99.87834550000001,liceum ogólnokształcące nr ix im. juliusza słowackiego,Miasto na prawach powiatu,DOLNOŚLĄSKIE,1185.0,Wrocław-Stare Miasto,LICEUM OGÓLNOKSZTAŁCĄCE NR IX IM. JULIUSZA SŁOWACKIEGO,"ogólnodostępny, dwujęzyczny w szkole podstawowej, liceum i technikum"
109,IX LO im. Kazimierza Jagiellończyka,Toruniu,115.77499999999999,ul. Ludwika Rydygiera 12A 87-100 Toruń Rubinkowo,Toruń,109,8803,76,IX LICEUM OGÓLNOKSZTAŁCĄCE IM. KAZIMIERZA JAGIELOŃCZYKA,IX LICEUM OGÓLNOKSZTAŁCĄCE IM. KAZIMIERZA JAGIELOŃCZYKA,Toruń,57.63793707666667,91.95418944666666,ix liceum ogólnokształcące im. kazimierza jagielończyka,Miasto na prawach powiatu,KUJAWSKO-POMORSKIE,791.0,Toruń,IX LICEUM OGÓLNOKSZTAŁCĄCE IM. KAZIMIERZA JAGIELLOŃCZYKA,ogólnodostępny
110,IX LO im. Klementyny Hoffmanowej,Warszawie,176.86666666666665,ul. Hoża 88 00-682 Warszawa Śródmieście,Warszawa,110,27858,76,IX LICEUM OGÓLNOKSZTAŁCĄCE IM. KLEMENTYNY HOFFMANOWEJ,IX LICEUM OGÓLNOKSZTAŁCĄCE IM. KLEMENTYNY HOFFMANOWEJ,Warszawa,83.19634836333334,100.0,ix liceum ogólnokształcące im. klementyny hoffmanowej,Miasto na prawach powiatu,MAZOWIECKIE,1165.0,Śródmieście,IX LICEUM OGÓLNOKSZTAŁCĄCE IM. KLEMENTYNY HOFFMANOWEJ,ogólnodostępny
112,IX LO im. Marszałka Józefa Piłsudskiego,Gdyni,148.45,ul. Orłowska 57 81-542 Gdynia Orłowo,Gdyni,112,3957,77,IX LICEUM OGÓLNOKSZTAŁCĄCE IM. MARSZAŁKA JÓZEFA PIŁSUDSKIEGO,IX LICEUM OGÓLNOKSZTAŁCĄCE IM. MARSZAŁKA JÓZEFA PIŁSUDSKIEGO,Gdynia,66.67010501333333,99.26832066666667,ix liceum ogólnokształcące im. marszałka józefa piłsudskiego,Miasto na prawach powiatu,POMORSKIE,719.0,Gdynia,IX LICEUM OGÓLNOKSZTAŁCĄCE IM. MARSZAŁKA JÓZEFA PIŁSUDSKIEGO,ogólnodostępny
117,IX Liceum Ogólnokształcące w Białymstoku Zespołu Szkół Ogólnokształcących I Technicznych w Białymstoku,Białymstoku,59.116666666666674,Białystok ul. Antoniuk Fabryczny 1 15-762 Białystok,Białystok,117,71604,100,IX LICEUM OGÓLNOKSZTAŁCĄCE W BIAŁYMSTOKU ZESPOŁU SZKÓŁ OGÓLNOKSZTAŁCĄCYCH I TECHNICZNYCH W BIAŁYMSTOKU,IX LICEUM OGÓLNOKSZTAŁCĄCE W BIAŁYMSTOKU ZESPOŁU SZKÓŁ OGÓLNOKSZTAŁCĄCYCH I TECHNICZNYCH W BIAŁYMSTOKU,Białystok,39.07061178,65.52059052,ix liceum ogólnokształcące w białymstoku zespołu szkół ogólnokształcących i technicznych w białymstoku,Miasto na prawach powiatu,PODLASKIE,423.0,Białystok,IX LICEUM OGÓLNOKSZTAŁCĄCE IM. GENERAŁA LUDWIKA KMICICA-SKRZYŃSKIEGO W BIAŁYMSTOKU ZESPOŁU SZKÓŁ OGÓLNOKSZTAŁCĄCYCH I TECHNICZNYCH W BIAŁYMSTOKU,"ogólnodostępny, mistrzostwa sportowego"
118,Katolickie Liceum Ogólnokształcące im. Św. Maksymiliana Marii Kolbego,Szczecinie,140.71666666666667,al. Wojska Polskiego 76 70-481 Szczecin,Szczecin,118,79348,100,KATOLICKIE LICEUM OGÓLNOKSZTAŁCĄCE IM. ŚW. MAKSYMILIANA MARII KOLBEGO,KATOLICKIE LICEUM OGÓLNOKSZTAŁCĄCE IM. ŚW. MAKSYMILIANA MARII KOLBEGO,Szczecin,75.8477077,100.0,katolickie liceum ogólnokształcące im. św. maksymiliana marii kolbego,Organizacje Wyznaniowe,ZACHODNIOPOMORSKIE,178.0,Szczecin,KATOLICKIE LICEUM OGÓLNOKSZTAŁCĄCE IM. ŚW. MAKSYMILIANA MARII KOLBEGO,ogólnodostępny
119,Katolickie Liceum Ogólnokształcące im. Św. Stanisława Kostki w Kielcach,Kielcach,139.18333333333334,ul. Świętego Stanisława Kostki 17 25-341 Kielce,Kielce,119,89596,100,KATOLICKIE LICEUM OGÓLNOKSZTAŁCĄCE IM. ŚW. STANISŁAWA KOSTKI W KIELCACH,KATOLICKIE LICEUM OGÓLNOKSZTAŁCĄCE IM. ŚW. STANISŁAWA KOSTKI W KIELCACH,Kielce,66.40387270000001,100.0,katolickie liceum ogólnokształcące im. św. stanisława kostki w kielcach,Organizacje Wyznaniowe,ŚWIĘTOKRZYSKIE,359.0,Kielce,KATOLICKIE LICEUM OGÓLNOKSZTAŁCĄCE IM. ŚW. STANISŁAWA KOSTKI W KIELCACH,ogólnodostępny
121,LI LO im. Tadeusza Kościuszki,Warszawie,105.97500000000001,ul. Kadrowa 9 04-421 Warszawa Rembertów,Warszawa,121,59581,74,LI LICEUM OGÓLNOKSZTAŁCĄCE IM. TADEUSZA KOŚCIUSZKI,LI LICEUM OGÓLNOKSZTAŁCĄCE IM. TADEUSZA KOŚCIUSZKI,Warszawa,63.127824669999995,98.91444818000001,li liceum ogólnokształcące im. tadeusza kościuszki,Miasto na prawach powiatu,MAZOWIECKIE,505.0,Rembertów,LI LICEUM OGÓLNOKSZTAŁCĄCE IM. TADEUSZA KOŚCIUSZKI,ogólnodostępny
123,LIX LO Mistrzostwa Sportowego im. Janusza Kusocińskiego,Warszawie,111.60789473684211,ul. Samuela Bogumiła Lindego 20 01-952 Warszawa Bielany,Warszawa,123,27158,81,LIX LICEUM OGÓLNOKSZTAŁCĄCE MISTRZOSTWA SPORTOWEGO IM. JANUSZA KUSOCIŃSKIEGO,LIX LICEUM OGÓLNOKSZTAŁCĄCE MISTRZOSTWA SPORTOWEGO IM. JANUSZA KUSOCIŃSKIEGO,Warszawa,58.338172533333335,85.87345415,lix liceum ogólnokształcące mistrzostwa sportowego im. janusza kusocińskiego,Miasto na prawach powiatu,MAZOWIECKIE,705.0,Bielany,LIX LICEUM OGÓLNOKSZTAŁCĄCE MISTRZOSTWA SPORTOWEGO IM. JANUSZA KUSOCIŃSKIEGO,"ogólnodostępny, mistrzostwa sportowego"
128,LV Liceum Ogólnokształcące w Zespole Szkół Elektroniczno-informatycznych im. Jana Szczepanika,Łodzi,59.3,ul. Strykowska 10/18 91-725 Łódź Bałuty,Łódź,128,38983,78,TECHNIKUM NR 10 W ZESPOLE SZKÓŁ ELEKTRONICZNO-INFORMATYCZNYCH IM. JANA SZCZEPANIKA,TECHNIKUM NR 10 W ZESPOLE SZKÓŁ ELEKTRONICZNO-INFORMATYCZNYCH IM. JANA SZCZEPANIKA,Łódź,57.93244838,99.58333333499999,technikum nr 10 w zespole szkół elektroniczno-informatycznych im. jana szczepanika,Miasto na prawach powiatu,ŁÓDZKIE,550.0,Łódź-Bałuty,TECHNIKUM NR 10 W ZESPOLE SZKÓŁ ELEKTRONICZNO-INFORMATYCZNYCH IM. JANA SZCZEPANIKA,"ogólnodostępny, wielozawodowy"
129,LVI LO im. Rotmistrza Witolda Pileckiego,Warszawie,134.54285714285714,ul. Dzieci Warszawy 42 02-495 Warszawa Ursus,Warszawa,129,105214,78,LVI LICEUM OGÓLNOKSZTAŁCĄCE IM. ROTMISTRZA WITOLDA PILECKIEGO,LVI LICEUM OGÓLNOKSZTAŁCĄCE IM. ROTMISTRZA WITOLDA PILECKIEGO,Warszawa,64.58431111,92.85147049,lvi liceum ogólnokształcące im. rotmistrza witolda pileckiego,Miasto na prawach powiatu,MAZOWIECKIE,585.0,Ursus,LVI LICEUM OGÓLNOKSZTAŁCĄCE IM. ROTMISTRZA WITOLDA PILECKIEGO,ogólnodostępny
130,LVIII LO im. Krzysztofa Kamila Baczyńskiego,Warszawie,132.025,Warszawa ul. Górnośląska 31 00-432 Śródmieście Śródmieście,Warszawa,130,27812,79,LVIII LICEUM OGÓLNOKSZTAŁCĄCE IM. KRZYSZTOFA KAMILA BACZYŃSKIEGO,LVIII LICEUM OGÓLNOKSZTAŁCĄCE IM. KRZYSZTOFA KAMILA BACZYŃSKIEGO,Warszawa,69.14434434333333,98.44444444666665,lviii liceum ogólnokształcące im. krzysztofa kamila baczyńskiego,Miasto na prawach powiatu,MAZOWIECKIE,515.0,Śródmieście,LVIII LICEUM OGÓLNOKSZTAŁCĄCE IM. KRZYSZTOFA KAMILA BACZYŃSKIEGO,ogólnodostępny
134,LXIV LO im. Stanisława Ignacego Witkiewicza,Warszawie,176.1875,ul. Elbląska 51 01-737 Warszawa Żoliborz,Warszawa,134,39649,72,"LXIV LICEUM OGÓLNOKSZTAŁCĄCE IM. STANISŁAWA IGNACEGO WITKIEWICZA ""WITKACEGO""","LXIV LICEUM OGÓLNOKSZTAŁCĄCE IM. STANISŁAWA IGNACEGO WITKIEWICZA ""WITKACEGO""",Warszawa,79.64751512666668,100.0,"lxiv liceum ogólnokształcące im. stanisława ignacego witkiewicza ""witkacego""",Miasto na prawach powiatu,MAZOWIECKIE,504.0,Żoliborz,"LXIV LICEUM OGÓLNOKSZTAŁCĄCE IM. STANISŁAWA IGNACEGO WITKIEWICZA ""WITKACEGO",o charakterze eksperymentalnym
135,LXIX Liceum Ogólnokształcące Z Oddziałami Integracyjnymi im. Bohaterów Powstania Warszawskiego 1944 w Warszawie,Warszawie,140.20999999999998,ul. Stanisława Skarżyńskiego 8 02-377 Warszawa Ochota,Warszawa,135,29239,100,LXIX LICEUM OGÓLNOKSZTAŁCĄCE Z ODDZIAŁAMI INTEGRACYJNYMI IM. BOHATERÓW POWSTANIA WARSZAWSKIEGO 1944 W WARSZAWIE,LXIX LICEUM OGÓLNOKSZTAŁCĄCE Z ODDZIAŁAMI INTEGRACYJNYMI IM. BOHATERÓW POWSTANIA WARSZAWSKIEGO 1944 W WARSZAWIE,Warszawa,62.93904485666667,94.78195659666666,lxix liceum ogólnokształcące z oddziałami integracyjnymi im. bohaterów powstania warszawskiego 1944 w warszawie,Miasto na prawach powiatu,MAZOWIECKIE,504.0,Ochota,LXIX LICEUM OGÓLNOKSZTAŁCĄCE Z ODDZIAŁAMI INTEGRACYJNYMI IM. BOHATERÓW POWSTANIA WARSZAWSKIEGO 1944 W WARSZAWIE,"ogólnodostępny, integracyjny, sportowy"
137,LXVII LO im. Jana Nowaka-Jeziorańskiego,Warszawie,170.67499999999998,ul. Hoża 11/15 00-528 Warszawa Śródmieście,Warszawa,137,30253,77,LXVII LICEUM OGÓLNOKSZTAŁCĄCE IM. JANA NOWAKA-JEZIORAŃSKIEGO,LXVII LICEUM OGÓLNOKSZTAŁCĄCE IM. JANA NOWAKA-JEZIORAŃSKIEGO,Warszawa,77.95142271333333,100.0,lxvii liceum ogólnokształcące im. jana nowaka-jeziorańskiego,Miasto na prawach powiatu,MAZOWIECKIE,571.0,Śródmieście,LXVII LICEUM OGÓLNOKSZTAŁCĄCE IM. JANA NOWAKA-JEZIORAŃSKIEGO,ogólnodostępny
138,LXVIII LO im. Tytusa Chałubińskiego,Warszawie,120.41666666666667,ul. Ludwika Narbutta 31 02-536 Warszawa Mokotów,Warszawa,138,24346,75,LXVIII LICEUM OGÓLNOKSZTAŁCĄCE IM. TYTUSA CHAŁUBIŃSKIEGO,LXVIII LICEUM OGÓLNOKSZTAŁCĄCE IM. TYTUSA CHAŁUBIŃSKIEGO,Warszawa,61.01150223,91.63314375666668,lxviii liceum ogólnokształcące im. tytusa chałubińskiego,Miasto na prawach powiatu,MAZOWIECKIE,567.0,Mokotów,LXVIII LICEUM OGÓLNOKSZTAŁCĄCE IM. TYTUSA CHAŁUBIŃSKIEGO,ogólnodostępny
139,LXX LO im. Aleksandra Kamińskiego,Warszawie,166.98,ul. Edwarda Dembowskiego 1 02-784 Warszawa Ursynów,Warszawa,139,19073,74,LXX LICEUM OGÓLNOKSZTAŁCĄCE IM. ALEKSANDRA KAMIŃSKIEGO,LXX LICEUM OGÓLNOKSZTAŁCĄCE IM. ALEKSANDRA KAMIŃSKIEGO,Warszawa,76.06834386333333,100.0,lxx liceum ogólnokształcące im. aleksandra kamińskiego,Miasto na prawach powiatu,MAZOWIECKIE,655.0,Ursynów,LXX LICEUM OGÓLNOKSZTAŁCĄCE IM. ALEKSANDRA KAMIŃSKIEGO,ogólnodostępny
140,LXXII LO im. gen. Jakuba Jasińskiego,Warszawie,133.96875,ul. Grochowska 346/348 03-838 Warszawa Praga-Południe,Warszawa,140,88067,75,LXXII LICEUM OGÓLNOKSZTAŁCĄCE IM. GEN. JAKUBA JASIŃSKIEGO,LXXII LICEUM OGÓLNOKSZTAŁCĄCE IM. GEN. JAKUBA JASIŃSKIEGO,Warszawa,62.153566626666674,97.66165364333334,lxxii liceum ogólnokształcące im. gen. jakuba jasińskiego,Miasto na prawach powiatu,MAZOWIECKIE,649.0,Praga-Południe,LXXII LICEUM OGÓLNOKSZTAŁCĄCE IM. GEN. JAKUBA JASIŃSKIEGO,ogólnodostępny
141,LXXV LO im. Jana III Sobieskiego,Warszawie,150.05,ul. Czerniakowska 128 00-454 Warszawa Śródmieście,Warszawa,141,30254,73,LXXV LICEUM OGÓLNOKSZTAŁCĄCE IM. JANA III SOBIESKIEGO,LXXV LICEUM OGÓLNOKSZTAŁCĄCE IM. JANA III SOBIESKIEGO,Warszawa,75.81461832999999,98.55747649333334,lxxv liceum ogólnokształcące im. jana iii sobieskiego,Miasto na prawach powiatu,MAZOWIECKIE,741.0,Śródmieście,LXXV LICEUM OGÓLNOKSZTAŁCĄCE IM. JANA III SOBIESKIEGO,ogólnodostępny
142,LXXVI Liceum Ogólnokształcące im. Marszałka Józefa Piłsudskiego,Warszawie,118.20833333333333,ul. Kowelska 1 03-432 Warszawa Praga-Północ,Warszawa,142,21092,100,LXXVI LICEUM OGÓLNOKSZTAŁCĄCE IM. MARSZAŁKA JÓZEFA PIŁSUDSKIEGO,LXXVI LICEUM OGÓLNOKSZTAŁCĄCE IM. MARSZAŁKA JÓZEFA PIŁSUDSKIEGO,Warszawa,61.10126456333333,89.91294511000001,lxxvi liceum ogólnokształcące im. marszałka józefa piłsudskiego,Miasto na prawach powiatu,MAZOWIECKIE,735.0,Praga-Północ,LXXVI LICEUM OGÓLNOKSZTAŁCĄCE IM. MARSZAŁKA JÓZEFA PIŁSUDSKIEGO,"ogólnodostępny, integracyjny"
143,LXXVIII LO im. Marii Pawlikowskiej-Jasnorzewskiej,Warszawie,137.45166666666668,ul. Anieli Krzywoń 3 01-391 Warszawa Bemowo,Warszawa,143,43385,81,LXXVIII LICEUM OGÓLNOKSZTAŁCĄCE IM. MARII PAWLIKOWSKIEJ-JASNORZEWSKIEJ,LXXVIII LICEUM OGÓLNOKSZTAŁCĄCE IM. MARII PAWLIKOWSKIEJ-JASNORZEWSKIEJ,Warszawa,72.44717308666667,99.77628635333333,lxxviii liceum ogólnokształcące im. marii pawlikowskiej-jasnorzewskiej,Miasto na prawach powiatu,MAZOWIECKIE,908.0,Bemowo,LXXVIII LICEUM OGÓLNOKSZTAŁCĄCE IM. MARII PAWLIKOWSKIEJ-JASNORZEWSKIEJ,"ogólnodostępny, dwujęzyczny w szkole podstawowej, liceum i technikum"
145,LXXXI LO im. Aleksandra Fredry,Warszawie,164.51666666666668,ul. Miła 7 00-180 Warszawa Śródmieście,Warszawa,145,22927,72,LXXXI LICEUM OGÓLNOKSZTAŁCĄCE IM. ALEKSANDRA FREDRY,LXXXI LICEUM OGÓLNOKSZTAŁCĄCE IM. ALEKSANDRA FREDRY,Warszawa,80.69553758666666,100.0,lxxxi liceum ogólnokształcące im. aleksandra fredry,Miasto na prawach powiatu,MAZOWIECKIE,537.0,Śródmieście,LXXXI LICEUM OGÓLNOKSZTAŁCĄCE IM. ALEKSANDRA FREDRY,ogólnodostępny
146,LXXXIII LO im. Emiliana Konopczyńskiego,Warszawie,157.63750000000002,Warszawa ul. Emiliana Konopczyńskiego 4 00-335 Śródmieście Śródmieście,Warszawa,146,31063,77,LXXXIII LICEUM OGÓLNOKSZTAŁCĄCE IM. EMILIANA KONOPCZYŃSKIEGO,LXXXIII LICEUM OGÓLNOKSZTAŁCĄCE IM. EMILIANA KONOPCZYŃSKIEGO,Warszawa,72.16807663666667,100.0,lxxxiii liceum ogólnokształcące im. emiliana konopczyńskiego,Miasto na prawach powiatu,MAZOWIECKIE,667.0,Śródmieście,LXXXIII LICEUM OGÓLNOKSZTAŁCĄCE IM. EMILIANA KONOPCZYŃSKIEGO,ogólnodostępny
147,LXXXIV Liceum Ogólnokształcące im. Bohaterów Narwiku,Warszawie,152.02499999999998,ul. Gładka 16 02-172 Warszawa Włochy,Warszawa,147,46647,100,LXXXIV LICEUM OGÓLNOKSZTAŁCĄCE IM. BOHATERÓW NARWIKU,LXXXIV LICEUM OGÓLNOKSZTAŁCĄCE IM. BOHATERÓW NARWIKU,Warszawa,70.34033613666666,100.0,lxxxiv liceum ogólnokształcące im. bohaterów narwiku,Miasto na prawach powiatu,MAZOWIECKIE,134.0,Włochy,LXXXIV LICEUM OGÓLNOKSZTAŁCĄCE IM. BOHATERÓW NARWIKU,ogólnodostępny
149,LXXXVII Liceum Ogólnokształcące im. Gen. Leopolda Okulickiego,Warszawie,123.0,ul. Saska 78 03-914 Warszawa Praga-Południe,Warszawa,149,30629,100,LXXXVII LICEUM OGÓLNOKSZTAŁCĄCE IM. GEN. LEOPOLDA OKULICKIEGO,LXXXVII LICEUM OGÓLNOKSZTAŁCĄCE IM. GEN. LEOPOLDA OKULICKIEGO,Warszawa,64.22087212,84.67261904666667,lxxxvii liceum ogólnokształcące im. gen. leopolda okulickiego,Miasto na prawach powiatu,MAZOWIECKIE,300.0,Praga-Południe,LXXXVII LICEUM OGÓLNOKSZTAŁCĄCE IM. GEN. LEOPOLDA OKULICKIEGO,ogólnodostępny
150,LXXXVIII LO im. Michała Konarskiego,Warszawie,68.23333333333333,ul. Okopowa 55a 01-043 Warszawa Wola,Warszawa,150,34665,75,LXXXVIII LICEUM OGÓLNOKSZTAŁCĄCE IM. MICHAŁA KONARSKIEGO,LXXXVIII LICEUM OGÓLNOKSZTAŁCĄCE IM. MICHAŁA KONARSKIEGO,Warszawa,60.91467763666666,86.24337059666668,lxxxviii liceum ogólnokształcące im. michała konarskiego,Miasto na prawach powiatu,MAZOWIECKIE,321.0,Wola,LXXXVIII LICEUM OGÓLNOKSZTAŁCĄCE IM. MICHAŁA KONARSKIEGO,"ogólnodostępny, profil mundurowy"
151,Liceum Ogólnokształcące Integracyjne w Białymstoku Zespołu Szkół Technicznych I Ogólnokształcących Z Oddziałami Integracyjnymi im. Stanisława Staszica w Białymstoku,Białymstoku,67.0125,Białystok ul. Sienkiewicza 57 15-002 Białystok,Białystok,151,110460,100,LICEUM OGÓLNOKSZTAŁCĄCE INTEGRACYJNE W BIAŁYMSTOKU ZESPOŁU SZKÓŁ TECHNICZNYCH I OGÓLNOKSZTAŁCĄCYCH Z ODDZIAŁAMI INTEGRACYJNYMI IM. STANISŁAWA STASZICA W BIAŁYMSTOKU,LICEUM OGÓLNOKSZTAŁCĄCE INTEGRACYJNE W BIAŁYMSTOKU ZESPOŁU SZKÓŁ TECHNICZNYCH I OGÓLNOKSZTAŁCĄCYCH Z ODDZIAŁAMI INTEGRACYJNYMI IM. STANISŁAWA STASZICA W BIAŁYMSTOKU,Białystok,57.19230769,67.94871795,liceum ogólnokształcące integracyjne w białymstoku zespołu szkół technicznych i ogólnokształcących z oddziałami integracyjnymi im. stanisława staszica w białymstoku,Miasto na prawach powiatu,PODLASKIE,110.0,Białystok,LICEUM OGÓLNOKSZTAŁCĄCE INTEGRACYJNE W BIAŁYMSTOKU ZESPOŁU SZKÓŁ TECHNICZNYCH I OGÓLNOKSZTAŁCĄCYCH Z ODDZIAŁAMI INTEGRACYJNYMI IM. STANISŁAWA STASZICA W BIAŁYMSTOKU,integracyjny
152,Liceum Ogólnokształcące Mistrzostwa Sportowego,Krakowie,195.4125,ul. Grochowska 20 31-521 Kraków Grzegórzki,Kraków,152,80067,90,SPOŁECZNE LICEUM OGÓLNOKSZTAŁCĄCE MISTRZOSTWA SPORTOWEGO,SPOŁECZNE LICEUM OGÓLNOKSZTAŁCĄCE MISTRZOSTWA SPORTOWEGO,Kraków,53.49917077,83.50410509,społeczne liceum ogólnokształcące mistrzostwa sportowego,Fundacje,MAŁOPOLSKIE,177.0,Kraków-Podgórze,SPOŁECZNE LICEUM OGÓLNOKSZTAŁCĄCE MISTRZOSTWA SPORTOWEGO,"ogólnodostępny, mistrzostwa sportowego"
153,Liceum Ogólnokształcące Mistrzostwa Sportowego,Poznaniu,140.15,os. Tysiąclecia 43 61-255 Poznań Nowe Miasto,Poznań,153,126415,100,LICEUM OGÓLNOKSZTAŁCĄCE MISTRZOSTWA SPORTOWEGO,LICEUM OGÓLNOKSZTAŁCĄCE MISTRZOSTWA SPORTOWEGO,Poznań,59.34460448666667,91.84637369333332,liceum ogólnokształcące mistrzostwa sportowego,Miasto na prawach powiatu,WIELKOPOLSKIE,569.0,Poznań-Nowe Miasto,LICEUM OGÓLNOKSZTAŁCĄCE MISTRZOSTWA SPORTOWEGO,"ogólnodostępny, sportowy, mistrzostwa sportowego"
154,Liceum Ogólnokształcące Mistrzostwa Sportowego,Szczecinie,282.3333333333333,ul. Mazurska 40 70-424 Szczecin,Szczecin,154,13676,100,LICEUM OGÓLNOKSZTAŁCĄCE MISTRZOSTWA SPORTOWEGO,LICEUM OGÓLNOKSZTAŁCĄCE MISTRZOSTWA SPORTOWEGO,Szczecin,64.50505050666668,91.07744107666667,liceum ogólnokształcące mistrzostwa sportowego,Miasto na prawach powiatu,ZACHODNIOPOMORSKIE,250.0,Szczecin,LICEUM OGÓLNOKSZTAŁCĄCE MISTRZOSTWA SPORTOWEGO,"ogólnodostępny, sportowy, mistrzostwa sportowego"
155,Liceum Ogólnokształcące Nr XV im. Mjr Piotra Wysockiego,Wroclaw,111.75714285714287,ul. Wojrowicka 58 54-436 Wrocław Fabryczna,Wrocław,155,11480,100,LICEUM OGÓLNOKSZTAŁCĄCE NR XV IM. MJR PIOTRA WYSOCKIEGO,LICEUM OGÓLNOKSZTAŁCĄCE NR XV IM. MJR PIOTRA WYSOCKIEGO,Wrocław,59.25032778,87.52755844333335,liceum ogólnokształcące nr xv im. mjr piotra wysockiego,Miasto na prawach powiatu,DOLNOŚLĄSKIE,1233.0,Wrocław-Fabryczna,LICEUM OGÓLNOKSZTAŁCĄCE NR XV IM. MJR PIOTRA WYSOCKIEGO,ogólnodostępny
156,Liceum Ogólnokształcące Z Oddziałami Integracyjnymi,Szczecinie,106.40625,al. Wojska Polskiego 119 70-490 Szczecin,Szczecin,156,3099,100,LICEUM OGÓLNOKSZTAŁCĄCE Z ODDZIAŁAMI INTEGRACYJNYMI,LICEUM OGÓLNOKSZTAŁCĄCE Z ODDZIAŁAMI INTEGRACYJNYMI,Szczecin,62.044234466666666,91.73117789999999,liceum ogólnokształcące z oddziałami integracyjnymi,Miasto na prawach powiatu,ZACHODNIOPOMORSKIE,415.0,Szczecin,LICEUM OGÓLNOKSZTAŁCĄCE Z ODDZIAŁAMI INTEGRACYJNYMI,integracyjny
157,Liceum Ogólnokształcące Z Oddziałami Sportowymi,Szczecinie,127.0,ul. Lucjana Rydla 49 70-783 Szczecin,Szczecin,157,13730,100,LICEUM OGÓLNOKSZTAŁCĄCE Z ODDZIAŁAMI SPORTOWYMI,LICEUM OGÓLNOKSZTAŁCĄCE Z ODDZIAŁAMI SPORTOWYMI,Szczecin,51.892110763333335,85.71680257999999,liceum ogólnokształcące z oddziałami sportowymi,Miasto na prawach powiatu,ZACHODNIOPOMORSKIE,211.0,Szczecin,LICEUM OGÓLNOKSZTAŁCĄCE Z ODDZIAŁAMI SPORTOWYMI,"ogólnodostępny, sportowy, mistrzostwa sportowego"
158,Liceum Służb Mundurowych We Wrocławiu,Wroclaw,59.396153846153844,ul. Kruszwicka 8a 53-652 Wrocław Stare Miasto,Wrocław,158,263069,100,LICEUM SŁUŻB MUNDUROWYCH WE WROCŁAWIU,LICEUM SŁUŻB MUNDUROWYCH WE WROCŁAWIU,Wrocław,51.47428163666667,69.90227018,liceum służb mundurowych we wrocławiu,Osoba fizyczna,DOLNOŚLĄSKIE,1094.0,Wrocław-Stare Miasto,LICEUM SŁUŻB MUNDUROWYCH WE WROCŁAWIU,"ogólnodostępny, przygotowania wojskowego, profil mundurowy"
160,Publiczne LO nr IX im. Generała Władysława Andersa w Opolu,Opolu,85.39999999999999,ul. Oleska 68 lok.- 45-222 Opole Os. Chabrów,Opole,160,133649,84,PUBLICZNE LICEUM OGÓLNOKSZTAŁCĄCE NR IX IM. GENERAŁA WŁADYSŁAWA ANDERSA W OPOLU,PUBLICZNE LICEUM OGÓLNOKSZTAŁCĄCE NR IX IM. GENERAŁA WŁADYSŁAWA ANDERSA W OPOLU,Opole,57.15486263666667,93.71317574666666,publiczne liceum ogólnokształcące nr ix im. generała władysława andersa w opolu,Miasto na prawach powiatu,OPOLSKIE,431.0,Opole,PUBLICZNE LICEUM OGÓLNOKSZTAŁCĄCE NR IX IM. GENERAŁA WŁADYSŁAWA ANDERSA W OPOLU,"ogólnodostępny, sportowy, mistrzostwa sportowego"
161,Publiczne Liceum Ogólnokształcące Zakonu Pijarów im. Św. Józefa Kalasancjusza w Poznaniu,Poznaniu,83.48333333333333,os. Jana III Sobieskiego 114 60-688 Poznań Stare Miasto,Poznań,161,83953,100,PUBLICZNE LICEUM OGÓLNOKSZTAŁCĄCE ZAKONU PIJARÓW IM. ŚW. JÓZEFA KALASANCJUSZA W POZNANIU,PUBLICZNE LICEUM OGÓLNOKSZTAŁCĄCE ZAKONU PIJARÓW IM. ŚW. JÓZEFA KALASANCJUSZA W POZNANIU,Poznań,68.78503361333333,98.95807895666667,publiczne liceum ogólnokształcące zakonu pijarów im. św. józefa kalasancjusza w poznaniu,Organizacje Wyznaniowe,WIELKOPOLSKIE,262.0,Poznań-Stare Miasto,PUBLICZNE LICEUM OGÓLNOKSZTAŁCĄCE ZAKONU PIJARÓW IM. ŚW. JÓZEFA KALASANCJUSZA W POZNANIU,ogólnodostępny
162,Publiczne Liceum Ogólnokształcące im. Pauli Montal Sióstr Pijarek w Rzeszowie,Rzeszowie,135.01666666666668,ul. Sanocka 70 35-514 Rzeszów,Rzeszów,162,266615,100,PUBLICZNE LICEUM OGÓLNOKSZTAŁCĄCE IM. PAULI MONTAL SIÓSTR PIJAREK W RZESZOWIE,PUBLICZNE LICEUM OGÓLNOKSZTAŁCĄCE IM. PAULI MONTAL SIÓSTR PIJAREK W RZESZOWIE,Rzeszów,70.01667939666667,100.0,publiczne liceum ogólnokształcące im. pauli montal sióstr pijarek w rzeszowie,Organizacje Wyznaniowe,PODKARPACKIE,178.0,Rzeszów,PUBLICZNE LICEUM OGÓLNOKSZTAŁCĄCE IM. PAULI MONTAL SIÓSTR PIJAREK W RZESZOWIE,ogólnodostępny
163,Sportowe Liceum Ogólnokształcące im. Kazimierza Nowaka,Poznaniu,31.5,os. Pod Lipami 106 61-638 Poznań Stare Miasto,Poznań,163,272082,100,SPORTOWE LICEUM OGÓLNOKSZTAŁCĄCE IM. KAZIMIERZA NOWAKA,SPORTOWE LICEUM OGÓLNOKSZTAŁCĄCE IM. KAZIMIERZA NOWAKA,Poznań,53.78632478666666,89.68253967999999,sportowe liceum ogólnokształcące im. kazimierza nowaka,Miasto na prawach powiatu,WIELKOPOLSKIE,143.0,Poznań-Stare Miasto,SPORTOWE LICEUM OGÓLNOKSZTAŁCĄCE IM. KAZIMIERZA NOWAKA,"ogólnodostępny, sportowy, mistrzostwa sportowego"
165,V LO im Władysława Broniewskiego,Katowicach,106.55,ul. gen. Zygmunta Waltera Jankego 65 40-615 Katowice Brynów,Katowice,165,5738,76,V LICEUM OGÓLNOKSZTAŁCĄCE IM. WŁADYSŁAWA BRONIEWSKIEGO,V LICEUM OGÓLNOKSZTAŁCĄCE IM. WŁADYSŁAWA BRONIEWSKIEGO,Katowice,63.25732066333333,84.67160568,v liceum ogólnokształcące im. władysława broniewskiego,Miasto na prawach powiatu,ŚLĄSKIE,161.0,Katowice,V LICEUM OGÓLNOKSZTAŁCĄCE IM. WŁADYSŁAWA BRONIEWSKIEGO,ogólnodostępny
173,V LO im. Krzysztofa Kieślowskiego,Zielonej,166.16666666666666,ul. Zachodnia 63 65-552 Zielona Góra Gumieńce,Zielonej,173,25627,73,XXXIV LICEUM OGÓLNOKSZTAŁCĄCE IM. KRZYSZTOFA KIEŚLOWSKIEGO,XXXIV LICEUM OGÓLNOKSZTAŁCĄCE IM. KRZYSZTOFA KIEŚLOWSKIEGO,Łódź,56.88828971,91.52765794333334,xxxiv liceum ogólnokształcące im. krzysztofa kieślowskiego,Miasto na prawach powiatu,ŁÓDZKIE,386.0,Łódź-Polesie,XXXIV LICEUM OGÓLNOKSZTAŁCĄCE IM. KRZYSZTOFA KIEŚLOWSKIEGO,ogólnodostępny
174,V LO im. Księcia Józefa Poniatowskiego,Warszawie,174.55,ul. Nowolipie 8 00-150 Warszawa Śródmieście,Warszawa,174,25682,76,V LICEUM OGÓLNOKSZTAŁCĄCE IM. KS. JÓZEFA PONIATOWSKIEGO,V LICEUM OGÓLNOKSZTAŁCĄCE IM. KS. JÓZEFA PONIATOWSKIEGO,Warszawa,81.26087121333335,100.0,v liceum ogólnokształcące im. ks. józefa poniatowskiego,Miasto na prawach powiatu,MAZOWIECKIE,562.0,Śródmieście,V LICEUM OGÓLNOKSZTAŁCĄCE IM. KS. JÓZEFA PONIATOWSKIEGO,ogólnodostępny
182,V LO im. płk. Stanisława Dąbka,Gdyni,134.2875,ul. Arendta Dickmana 14 81-109 Gdynia Oksywa,Gdyni,182,25697,74,V LICEUM OGÓLNOKSZTAŁCĄCE IM.PŁK.STANISŁAWA DĄBKA,V LICEUM OGÓLNOKSZTAŁCĄCE IM.PŁK.STANISŁAWA DĄBKA,Gdynia,55.77935935333333,90.74281622666666,v liceum ogólnokształcące im.płk.stanisława dąbka,Miasto na prawach powiatu,POMORSKIE,553.0,Gdynia,V LICEUM OGÓLNOKSZTAŁCĄCE IM.PŁK.STANISŁAWA DĄBKA,ogólnodostępny
188,VI LO im. Ignacego Jana Paderwskiego,Poznaniu,162.27499999999998,Poznań ul. Krakowska 17a 61-889 Poznań-Stare Miasto Stare Miasto,Poznań,188,86171,77,VI LICEUM OGÓLNOKSZTAŁCĄCE IM. IGNACEGO JANA PADEREWSKIEGO,VI LICEUM OGÓLNOKSZTAŁCĄCE IM. IGNACEGO JANA PADEREWSKIEGO,Poznań,72.38792264333334,99.79550102333333,vi liceum ogólnokształcące im. ignacego jana paderewskiego,Miasto na prawach powiatu,WIELKOPOLSKIE,793.0,Poznań,VI LICEUM OGÓLNOKSZTAŁCĄCE IM. IGNACEGO JANA PADEREWSKIEGO,ogólnodostępny
191,VI LO im. Joachima Lelewela,Łodzi,106.67000000000002,ul. Deotymy 1 93-267 Łódź Górna,Łódź,191,22522,72,VI LICEUM OGÓLNOKSZTAŁCĄCE IM. JOACHIMA LELEWELA,VI LICEUM OGÓLNOKSZTAŁCĄCE IM. JOACHIMA LELEWELA,Łódź,61.015596800000004,94.90366247333333,vi liceum ogólnokształcące im. joachima lelewela,Miasto na prawach powiatu,ŁÓDZKIE,639.0,Łódź-Górna,VI LICEUM OGÓLNOKSZTAŁCĄCE IM. JOACHIMA LELEWELA,ogólnodostępny
194,VI LO im. Stefana Czarnieckiego,Szczecinie,149.275,ul. Jagiellońska 41 70-382 Szczecin Śródmieście,Szczecin,194,3966,75,VI LICEUM OGÓLNOKSZTAŁCĄCE IM. STEFANA CZARNIECKIEGO,VI LICEUM OGÓLNOKSZTAŁCĄCE IM. STEFANA CZARNIECKIEGO,Szczecin,71.93081681333334,100.0,vi liceum ogólnokształcące im. stefana czarnieckiego,Miasto na prawach powiatu,ZACHODNIOPOMORSKIE,652.0,Szczecin,VI LICEUM OGÓLNOKSZTAŁCĄCE IM. STEFANA CZARNIECKIEGO,ogólnodostępny
195,VI LO im. Tadeusza Reytana,Warszawie,165.63333333333333,ul. Wiktorska 30/32 02-587 Warszawa Mokotów,Warszawa,195,83650,71,VI LICEUM OGÓLNOKSZTAŁCĄCE IM. TADEUSZA REYTANA,VI LICEUM OGÓLNOKSZTAŁCĄCE IM. TADEUSZA REYTANA,Warszawa,77.41587432,100.0,vi liceum ogólnokształcące im. tadeusza reytana,Miasto na prawach powiatu,MAZOWIECKIE,853.0,Mokotów,VI LICEUM OGÓLNOKSZTAŁCĄCE IM. TADEUSZA REYTANA,ogólnodostępny
196,VI LO im. Wacława Sierpińskiego,Gdyni,168.16875000000002,ul. Mikołaja Kopernika 34 81-424 Gdynia Wzgórze Świętego Maksymiliana,Gdyni,196,3640,75,VI LICEUM OGÓLNOKSZTAŁCĄCE IM. WACŁAWA SIERPIŃSKIEGO,VI LICEUM OGÓLNOKSZTAŁCĄCE IM. WACŁAWA SIERPIŃSKIEGO,Gdynia,74.07242469666666,100.0,vi liceum ogólnokształcące im. wacława sierpińskiego,Miasto na prawach powiatu,POMORSKIE,572.0,Gdynia,VI LICEUM OGÓLNOKSZTAŁCĄCE IM. WACŁAWA SIERPIŃSKIEGO,ogólnodostępny
197,VI LO im. Zesłańców Sybiru,Toruniu,58.833333333333336,ul. Wojska Polskiego 47A 87-100 Toruń Mokre,Toruń,197,84173,71,VI LICEUM OGÓLNOKSZTAŁCĄCE IM. ZESŁAŃCÓW SYBIRU,VI LICEUM OGÓLNOKSZTAŁCĄCE IM. ZESŁAŃCÓW SYBIRU,Toruń,44.18318713666667,67.48538011666666,vi liceum ogólnokształcące im. zesłańców sybiru,Miasto na prawach powiatu,KUJAWSKO-POMORSKIE,383.0,Toruń,VI LICEUM OGÓLNOKSZTAŁCĄCE IM. ZESŁAŃCÓW SYBIRU,"ogólnodostępny, przygotowania wojskowego"
199,VI Liceum Ogólnokształcące w ZSO im. AK,Bielsku-Białej,97.98333333333333,ul. Sternicza 4 43-300 Bielsko-Biała,Bielsku-Białej,199,56148,83,VI LICEUM OGÓLNOKSZTAŁCĄCE W KROŚNIE,VI LICEUM OGÓLNOKSZTAŁCĄCE W KROŚNIE,Krosno,56.67104855333333,87.76265732,vi liceum ogólnokształcące w krośnie,Miasto na prawach powiatu,PODKARPACKIE,370.0,Krosno,VI LICEUM OGÓLNOKSZTAŁCĄCE W KROŚNIE,ogólnodostępny
201,VII LO im. Harcerzy Obrońców Katowic,Katowicach,117.68333333333332,ul. Panewnicka 13 40-709 Katowice Ligota-Panewniki,Katowice,201,10830,74,VII LICEUM OGÓLNOKSZTAŁCĄCE IM.HARCERZY OBROŃCÓW KATOWICE,VII LICEUM OGÓLNOKSZTAŁCĄCE IM.HARCERZY OBROŃCÓW KATOWICE,Katowice,67.56289123333333,91.95624081,vii liceum ogólnokształcące im.harcerzy obrońców katowice,Miasto na prawach powiatu,ŚLĄSKIE,522.0,Katowice,VII LICEUM OGÓLNOKSZTAŁCĄCE IM.HARCERZY OBROŃCÓW KATOWICE Z ODDZIAŁAMI DWUJĘZYCZNYMI W KATOWICACH,"ogólnodostępny, dwujęzyczny w szkole podstawowej, liceum i technikum"
203,VII LO im. Jarosława Dąbrowskiego,Zielonej,58.35833333333333,ul. Stanisława Wyspiańskiego 21 65-036 Zielona Góra Jany,Zielonej,203,42178,75,VI LICEUM OGÓLNOKSZTAŁCĄCE IM. JAROSŁAWA DĄBROWSKIEGO,VI LICEUM OGÓLNOKSZTAŁCĄCE IM. JAROSŁAWA DĄBROWSKIEGO,Częstochowa,50.19230769,69.23076923,vi liceum ogólnokształcące im. jarosława dąbrowskiego,Miasto na prawach powiatu,ŚLĄSKIE,0.0,Częstochowa,VI LICEUM OGÓLNOKSZTAŁCĄCE IM. JAROSŁAWA DĄBROWSKIEGO,
207,VII LO im. K. K. Baczyńskiego,Szczecinie,97.5,ul. Jana Styki 13 71-138 Szczecin Zachód,Szczecin,207,8576,72,VII LICEUM OGÓLNOKSZTAŁCĄCE IM. K.K. BACZYŃSKIEGO,VII LICEUM OGÓLNOKSZTAŁCĄCE IM. K.K. BACZYŃSKIEGO,Szczecin,63.32865384666667,94.23076923,vii liceum ogólnokształcące im. k.k. baczyńskiego,Miasto na prawach powiatu,ZACHODNIOPOMORSKIE,590.0,Szczecin,VII LICEUM OGÓLNOKSZTAŁCĄCE IM. K.K. BACZYŃSKIEGO,ogólnodostępny
208,VII LO im. Krzysztofa Kamila Baczyńskiego,Wroclaw,163.68333333333334,ul. Krucza 49 53-410 Wrocław Fabryczna,Wrocław,208,11477,78,LICEUM OGÓLNOKSZTAŁCĄCE NR VII IM. KRZYSZTOFA KAMILA BACZYŃSKIEGO,LICEUM OGÓLNOKSZTAŁCĄCE NR VII IM. KRZYSZTOFA KAMILA BACZYŃSKIEGO,Wrocław,73.25626152333334,99.59239996333334,liceum ogólnokształcące nr vii im. krzysztofa kamila baczyńskiego,Miasto na prawach powiatu,DOLNOŚLĄSKIE,1405.0,Wrocław-Fabryczna,LICEUM OGÓLNOKSZTAŁCĄCE NR VII IM. KRZYSZTOFA KAMILA BACZYŃSKIEGO,ogólnodostępny
210,VII LO im. Mikołaja Kopernika,Częstochowie,128.35,ul. Feliksa Nowowiejskiego 18 42-217 Częstochowa Śródmieście,Częstochowie,210,72981,78,TECHNIKUM IM. MIKOŁAJA KOPERNIKA,TECHNIKUM IM. MIKOŁAJA KOPERNIKA,Nasielsk,51.876090115,72.842261905,technikum im. mikołaja kopernika,Powiat ziemski,MAZOWIECKIE,162.0,Nasielsk,TECHNIKUM IM. MIKOŁAJA KOPERNIKA,"ogólnodostępny, wielozawodowy"
215,VII Liceum Ogólnokształcace,Rzeszowie,90.90000000000002,al. Tadeusza Rejtana 3 35-326 Rzeszów,Rzeszów,215,18119,100,VII LICEUM OGÓLNOKSZTAŁCACE,VII LICEUM OGÓLNOKSZTAŁCACE,Rzeszów,56.590277776666674,92.66975308666667,vii liceum ogólnokształcace,Miasto na prawach powiatu,PODKARPACKIE,231.0,Rzeszów,VII LICEUM OGÓLNOKSZTAŁCACE,ogólnodostępny
218,VIII LO im. Adama Mickiewicza,Poznaniu,169.29285714285714,ul. Hipolita Cegielskiego 1 61-862 Poznań Stare Miasto,Poznań,218,34199,71,VIII LICEUM OGÓLNOKSZTAŁCĄCE IM ADAMA MICKIEWICZA,VIII LICEUM OGÓLNOKSZTAŁCĄCE IM ADAMA MICKIEWICZA,Poznań,76.38643706333333,100.0,viii liceum ogólnokształcące im adama mickiewicza,Miasto na prawach powiatu,WIELKOPOLSKIE,798.0,Poznań-Stare Miasto,VIII LICEUM OGÓLNOKSZTAŁCĄCE IM ADAMA MICKIEWICZA,ogólnodostępny
220,VIII LO im. Bolesława Krzywoustego,Wroclaw,166.86499999999998,ul. Zaporoska 71 53-415 Wrocław Krzyki,Wrocław,220,11478,74,LICEUM OGÓLNOKSZTAŁCĄCE NR VIII IM. BOLESŁAWA KRZYWOUSTEGO,LICEUM OGÓLNOKSZTAŁCĄCE NR VIII IM. BOLESŁAWA KRZYWOUSTEGO,Wrocław,77.01335105,99.83660130666665,liceum ogólnokształcące nr viii im. bolesława krzywoustego,Miasto na prawach powiatu,DOLNOŚLĄSKIE,1008.0,Wrocław-Fabryczna,LICEUM OGÓLNOKSZTAŁCĄCE NR VIII IM. BOLESŁAWA KRZYWOUSTEGO,"ogólnodostępny, dwujęzyczny w szkole podstawowej, liceum i technikum"
224,VIII LO im. Olimpijczyków Polskich,Szczecinie,103.47500000000001,ul. Andrzeja Małkowskiego 12 70-306 Szczecin Śródmieście,Szczecin,224,3904,76,VIII LICEUM OGÓLNOKSZTAŁCĄCE IM. OLIMPIJCZYKÓW POLSKICH,VIII LICEUM OGÓLNOKSZTAŁCĄCE IM. OLIMPIJCZYKÓW POLSKICH,Szczecin,57.14593569666667,83.23078512000001,viii liceum ogólnokształcące im. olimpijczyków polskich,Miasto na prawach powiatu,ZACHODNIOPOMORSKIE,330.0,Szczecin,VIII LICEUM OGÓLNOKSZTAŁCĄCE IM. OLIMPIJCZYKÓW POLSKICH,"ogólnodostępny, integracyjny"
226,VIII LO im. Stanisława Wyspiańskiego,Rzeszowie,105.42,ul. Stanisława Wyspiańskiego 16a 35-111 Rzeszów,Rzeszów,226,14520,78,VIII LICEUM OGÓLNOKSZTAŁCĄCE IM. STANISŁAWA WYSPIAŃSKIEGO,VIII LICEUM OGÓLNOKSZTAŁCĄCE IM. STANISŁAWA WYSPIAŃSKIEGO,Rzeszów,61.45907711,95.14304269333333,viii liceum ogólnokształcące im. stanisława wyspiańskiego,Miasto na prawach powiatu,PODKARPACKIE,833.0,Rzeszów,VIII LICEUM OGÓLNOKSZTAŁCĄCE IM. STANISŁAWA WYSPIAŃSKIEGO,ogólnodostępny
227,VIII LO im. Władysława IV,Warszawie,173.1,ul. Jagiellońska 38 03-719 Warszawa Praga-Północ,Warszawa,227,40982,71,VIII LICEUM OGÓLNOKSZTAŁCĄCE IM. WŁADYSŁAWA IV,VIII LICEUM OGÓLNOKSZTAŁCĄCE IM. WŁADYSŁAWA IV,Warszawa,80.06814059,100.0,viii liceum ogólnokształcące im. władysława iv,Miasto na prawach powiatu,MAZOWIECKIE,622.0,Praga-Północ,VIII LICEUM OGÓLNOKSZTAŁCĄCE IM. WŁADYSŁAWA IV,ogólnodostępny
231,VIII Liceum Ogólnokształcące im. dr. Emila Warmińskiego,Bydgoszczy,115.49,ul. Swarzewska 10 85-731 Bydgoszcz Bartodzieje,Bydgoszcz,231,13768,88,VIII LICEUM OGÓLNOKSZTAŁCĄCE IM. DRA EMILA WARMIŃSKIEGO W BYDGOSZCZY,VIII LICEUM OGÓLNOKSZTAŁCĄCE IM. DRA EMILA WARMIŃSKIEGO W BYDGOSZCZY,Bydgoszcz,63.84180597333333,97.92970252333333,viii liceum ogólnokształcące im. dra emila warmińskiego w bydgoszczy,Miasto na prawach powiatu,KUJAWSKO-POMORSKIE,760.0,Bydgoszcz,VIII LICEUM OGÓLNOKSZTAŁCĄCE IM. DRA EMILA WARMIŃSKIEGO W BYDGOSZCZY,"ogólnodostępny, przygotowania wojskowego"
235,X LO Mistrzostwa Sportowego im. Józefa Wybickiego,Kielcach,146.3,ul. Jagiellońska 90 25-734 Kielce Czarnów,Kielce,235,7863,81,X LICEUM OGÓLNOKSZTAŁCĄCE MISTRZOSTWA SPORTOWEGO IM. JÓZEFA WYBICKIEGO,X LICEUM OGÓLNOKSZTAŁCĄCE MISTRZOSTWA SPORTOWEGO IM. JÓZEFA WYBICKIEGO,Kielce,53.15840257333334,84.01765527333333,x liceum ogólnokształcące mistrzostwa sportowego im. józefa wybickiego,Miasto na prawach powiatu,ŚWIĘTOKRZYSKIE,672.0,Kielce,X LICEUM OGÓLNOKSZTAŁCĄCE MISTRZOSTWA SPORTOWEGO IM. JÓZEFA WYBICKIEGO,"ogólnodostępny, sportowy, mistrzostwa sportowego, profil mundurowy"
236,X LO im. Gdyńskich Nauczycieli Bohaterów II Wojny Światowej,Gdyni,160.87142857142857,ul. Władysława IV 58 81-384 Gdynia Śródmieście,Gdyni,236,3620,84,X LICEUM OGÓLNOKSZTAŁCĄCE IM. GDYŃSKICH NAUCZYCIELI BOHATERÓW II WOJNY ŚWIATOWEJ,X LICEUM OGÓLNOKSZTAŁCĄCE IM. GDYŃSKICH NAUCZYCIELI BOHATERÓW II WOJNY ŚWIATOWEJ,Gdynia,71.20368181333333,100.0,x liceum ogólnokształcące im. gdyńskich nauczycieli bohaterów ii wojny światowej,Miasto na prawach powiatu,POMORSKIE,474.0,Gdynia,X LICEUM OGÓLNOKSZTAŁCĄCE IM. GDYŃSKICH NAUCZYCIELI BOHATERÓW II WOJNY ŚWIATOWEJ,ogólnodostępny
242,X LO im. Stefanii Sempołowskiej,Wroclaw,150.15,ul. Piesza 1 51-109 Wrocław Psie Pole,Wrocław,242,11479,72,LICEUM OGÓLNOKSZTAŁCĄCE NR X IM. STEFANII SEMPOŁOWSKIEJ,LICEUM OGÓLNOKSZTAŁCĄCE NR X IM. STEFANII SEMPOŁOWSKIEJ,Wrocław,68.37561698333333,99.25194684333333,liceum ogólnokształcące nr x im. stefanii sempołowskiej,Miasto na prawach powiatu,DOLNOŚLĄSKIE,1112.0,Wrocław-Psie Pole,LICEUM OGÓLNOKSZTAŁCĄCE NR X IM. STEFANII SEMPOŁOWSKIEJ,ogólnodostępny
243,X Liceum Ogólnokształcące,Rzeszowie,53.025,ul. mjr. Henryka Sucharskiego 4 35-225 Rzeszów,Rzeszów,243,24373,100,X LICEUM OGÓLNOKSZTAŁCĄCE,X LICEUM OGÓLNOKSZTAŁCĄCE,Rzeszów,47.86203007666666,73.22055137666666,x liceum ogólnokształcące,Miasto na prawach powiatu,PODKARPACKIE,259.0,Rzeszów,X LICEUM OGÓLNOKSZTAŁCĄCE,"ogólnodostępny, przygotowania wojskowego"
245,XCIV Liceum Ogólnokształcące im. gen. Stanisława Maczka,Warszawie,157.42999999999998,ul. Gwiaździsta 35 01-651 Warszawa Bielany,Warszawa,245,34505,100,XCIV LICEUM OGÓLNOKSZTAŁCĄCE IM. GEN. STANISŁAWA MACZKA,XCIV LICEUM OGÓLNOKSZTAŁCĄCE IM. GEN. STANISŁAWA MACZKA,Warszawa,75.65877283333333,100.0,xciv liceum ogólnokształcące im. gen. stanisława maczka,Miasto na prawach powiatu,MAZOWIECKIE,863.0,Bielany,XCIV LICEUM OGÓLNOKSZTAŁCĄCE IM. GEN. STANISŁAWA MACZKA,ogólnodostępny
248,XCVII LO im. Olimpijczyków Polskich,Warszawie,105.75,ul. Siennicka 15 04-395 Warszawa Praga-Południe,Warszawa,248,25265,77,XCVII LICEUM OGÓLNOKSZTAŁCĄCE IM. OLIMPIJCZYKÓW POLSKICH,XCVII LICEUM OGÓLNOKSZTAŁCĄCE IM. OLIMPIJCZYKÓW POLSKICH,Warszawa,58.84054053999999,82.19298245499999,xcvii liceum ogólnokształcące im. olimpijczyków polskich,Miasto na prawach powiatu,MAZOWIECKIE,217.0,Praga-Południe,XCVII LICEUM OGÓLNOKSZTAŁCĄCE IM. OLIMPIJCZYKÓW POLSKICH,ogólnodostępny
251,XI LO im. Jadwigii I Wacława Zembrzuskich,Poznaniu,146.3,ul. Piotra Ściegiennego 134 60-304 Poznań Grunwald,Poznań,251,43558,81,XI LICEUM OGÓLNOKSZTAŁCĄCE IM. JADWIGI I WACŁAWA ZEMBRZUSKICH,XI LICEUM OGÓLNOKSZTAŁCĄCE IM. JADWIGI I WACŁAWA ZEMBRZUSKICH,Poznań,71.26146027,99.79919678666666,xi liceum ogólnokształcące im. jadwigi i wacława zembrzuskich,Miasto na prawach powiatu,WIELKOPOLSKIE,722.0,Poznań-Grunwald,XI LICEUM OGÓLNOKSZTAŁCĄCE IM. JADWIGI I WACŁAWA ZEMBRZUSKICH,ogólnodostępny
256,XI Liceum Ogólnokształcące,Rzeszowie,83.2,ul. Klementyny Hoffmanowej 13 35-016 Rzeszów,Rzeszów,256,24373,98,X LICEUM OGÓLNOKSZTAŁCĄCE,X LICEUM OGÓLNOKSZTAŁCĄCE,Rzeszów,47.86203007666666,73.22055137666666,x liceum ogólnokształcące,Miasto na prawach powiatu,PODKARPACKIE,259.0,Rzeszów,X LICEUM OGÓLNOKSZTAŁCĄCE,"ogólnodostępny, przygotowania wojskowego"
257,XI Liceum Ogólnokształcące,Łodzi,127.66666666666667,ul. dr. Stefana Kopcińskiego 54 90-032 Łódź Widzew,Łódź,257,267033,100,XI LICEUM OGÓLNOKSZTAŁCĄCE,XI LICEUM OGÓLNOKSZTAŁCĄCE,Łódź,60.97101370666667,97.96474359000001,xi liceum ogólnokształcące,Miasto na prawach powiatu,ŁÓDZKIE,626.0,Łódź-Widzew,XI LICEUM OGÓLNOKSZTAŁCĄCE IM. JÓZEFA PIŁSUDSKIEGO,"ogólnodostępny, dwujęzyczny w szkole podstawowej, liceum i technikum"
258,XII LO im. Bolesława Chrobrego,Wroclaw,165.79500000000002,pl. Orląt Lwowskich 2a 53-605 Wrocław Stare Miasto,Wrocław,258,11473,72,LICEUM OGÓLNOKSZTAŁCĄCE NR XII IM. BOLESŁAWA CHROBREGO,LICEUM OGÓLNOKSZTAŁCĄCE NR XII IM. BOLESŁAWA CHROBREGO,Wrocław,77.28527269333334,100.0,liceum ogólnokształcące nr xii im. bolesława chrobrego,Miasto na prawach powiatu,DOLNOŚLĄSKIE,1092.0,Wrocław-Stare Miasto,LICEUM OGÓLNOKSZTAŁCĄCE NR XII IM. BOLESŁAWA CHROBREGO,ogólnodostępny
260,XII LO im. Henryka Sienkiewicza,Warszawie,162.1875,ul. Sienna 53 00-820 Warszawa Wola,Warszawa,260,16423,75,XII LICEUM OGÓLNOKSZTAŁCĄCE IM. HENRYKA SIENKIEWICZA,XII LICEUM OGÓLNOKSZTAŁCĄCE IM. HENRYKA SIENKIEWICZA,Warszawa,77.55834642666667,100.0,xii liceum ogólnokształcące im. henryka sienkiewicza,Miasto na prawach powiatu,MAZOWIECKIE,581.0,Wola,XII LICEUM OGÓLNOKSZTAŁCĄCE IM. HENRYKA SIENKIEWICZA,ogólnodostępny
261,XII LO im. Marii Skłodowskiej-Curie,Poznaniu,158.1,Poznań ul. gen. Tadeusza Kutrzeby 8 61-719 Poznań-Stare Miasto Stare Miasto,Poznań,261,31869,76,XII LICEUM OGÓLNOKSZTŁCACE IM. MARII SKŁODOWSKIEJ -CURIE,XII LICEUM OGÓLNOKSZTŁCACE IM. MARII SKŁODOWSKIEJ -CURIE,Poznań,74.54416433,100.0,xii liceum ogólnoksztłcace im. marii skłodowskiej -curie,Miasto na prawach powiatu,WIELKOPOLSKIE,589.0,Poznań-Stare Miasto,XII LICEUM OGÓLNOKSZTŁCACE IM. MARII SKŁODOWSKIEJ -CURIE,ogólnodostępny
262,XII LO im. Stanisława Wyspiańskiego,Łodzi,138.6875,al. Karola Anstadta 7 91-409 Łódź Śródmieście,Łódź,262,22525,77,XII LICEUM OGÓLNOKSZTAŁCĄCE IM. STANISŁAWA WYSPIAŃSKIEGO,XII LICEUM OGÓLNOKSZTAŁCĄCE IM. STANISŁAWA WYSPIAŃSKIEGO,Łódź,72.34429336,100.0,xii liceum ogólnokształcące im. stanisława wyspiańskiego,Miasto na prawach powiatu,ŁÓDZKIE,481.0,Łódź-Śródmieście,XII LICEUM OGÓLNOKSZTAŁCĄCE IM. STANISŁAWA WYSPIAŃSKIEGO,"ogólnodostępny, o charakterze eksperymentalnym"
266,XII Liceum Ogólnokształcące Z Oddziałami Integracyjnymi,Rzeszowie,85.86666666666666,al. Tadeusza Rejtana 30 35-310 Rzeszów,Rzeszów,266,12144,100,XII LICEUM OGÓLNOKSZTAŁCĄCE Z ODDZIAŁAMI INTEGRACYJNYMI,XII LICEUM OGÓLNOKSZTAŁCĄCE Z ODDZIAŁAMI INTEGRACYJNYMI,Rzeszów,56.53295346666667,79.03133903333334,xii liceum ogólnokształcące z oddziałami integracyjnymi,Miasto na prawach powiatu,PODKARPACKIE,271.0,Rzeszów,XII LICEUM OGÓLNOKSZTAŁCĄCE Z ODDZIAŁAMI INTEGRACYJNYMI,"integracyjny, terapeutyczny"
267,XII Liceum Ogólnokształcące w Bydgoszczy,Bydgoszczy,81.975,ul. Puszczykowa 11 85-446 Bydgoszcz,Bydgoszcz,267,12059,100,XII LICEUM OGÓLNOKSZTAŁCĄCE W BYDGOSZCZY,XII LICEUM OGÓLNOKSZTAŁCĄCE W BYDGOSZCZY,Bydgoszcz,56.46803542666667,91.69887278333333,xii liceum ogólnokształcące w bydgoszczy,Miasto na prawach powiatu,KUJAWSKO-POMORSKIE,162.0,Bydgoszcz,XII LICEUM OGÓLNOKSZTAŁCĄCE W BYDGOSZCZY,ogólnodostępny
268,XII Sportowe Liceum Ogólnokształcące Z Oddziałami Mistrzostwa Sportowego,Gdańsku,550.5,ul. Subisława 22 80-354 Gdańsk,Gdańsk,268,7983,76,XXI LICEUM OGÓLNOKSZTAŁCĄCE Z ODDZIAŁAMI SPORTOWYMI,XXI LICEUM OGÓLNOKSZTAŁCĄCE Z ODDZIAŁAMI SPORTOWYMI,Gdańsk,51.157209529999996,81.20772946666666,xxi liceum ogólnokształcące z oddziałami sportowymi,Miasto na prawach powiatu,POMORSKIE,454.0,Gdańsk,XXI LICEUM OGÓLNOKSZTAŁCĄCE Z ODDZIAŁAMI SPORTOWYMI,"ogólnodostępny, sportowy"
271,XIII LO im. Aleksandra Fredry,Wroclaw,159.15,ul. gen. Józefa Haukego-Bosaka 33-37 50-447 Wrocław Krzyki,Wrocław,271,42509,71,LICEUM OGÓLNOKSZTAŁCĄCE NR XIII IM.ALEKSANDRA FREDRY,LICEUM OGÓLNOKSZTAŁCĄCE NR XIII IM.ALEKSANDRA FREDRY,Wrocław,77.65430800666667,100.0,liceum ogólnokształcące nr xiii im.aleksandra fredry,Miasto na prawach powiatu,DOLNOŚLĄSKIE,1184.0,Wrocław-Krzyki,LICEUM OGÓLNOKSZTAŁCĄCE NR XIII IM.ALEKSANDRA FREDRY,ogólnodostępny
272,XIII LO im. Marii Piotrowiczowej,Łodzi,139.85999999999999,ul. Eliasza Chaima Majzela 4 91-430 Łódź Bałuty,Łódź,272,25290,73,XIII LICEUM OGÓLNOKSZTAŁCĄCE IM. MARII PIOTROWICZOWEJ,XIII LICEUM OGÓLNOKSZTAŁCĄCE IM. MARII PIOTROWICZOWEJ,Łódź,68.64172820333333,100.0,xiii liceum ogólnokształcące im. marii piotrowiczowej,Miasto na prawach powiatu,ŁÓDZKIE,543.0,Łódź-Bałuty,XIII LICEUM OGÓLNOKSZTAŁCĄCE IM. MARII PIOTROWICZOWEJ,"ogólnodostępny, dwujęzyczny w szkole podstawowej, liceum i technikum"
276,XIII Liceum Ogólnokształcące,Toruniu,54.75,ul. Targowa 36/38 87-100 Toruń,Toruń,276,84309,100,XIII LICEUM OGÓLNOKSZTAŁCĄCE,XIII LICEUM OGÓLNOKSZTAŁCĄCE,Toruń,53.26764706,89.55555555333335,xiii liceum ogólnokształcące,Miasto na prawach powiatu,KUJAWSKO-POMORSKIE,176.0,Toruń,XIII LICEUM OGÓLNOKSZTAŁCĄCE SZKOŁA MISTRZOSTWA SPORTOWEGO W TORUNIU,"ogólnodostępny, mistrzostwa sportowego"
278,XIV LO im. Kazimierza Wielkiego,Poznaniu,149.80714285714285,Poznań os. Piastowskie 106 61-164 Poznań-Nowe Miasto Nowe Miasto,Poznań,278,29142,75,XIV LICEUM OGÓLNOKSZTAŁCĄCE IM. KAZIMIERZA WIELKIEGO,XIV LICEUM OGÓLNOKSZTAŁCĄCE IM. KAZIMIERZA WIELKIEGO,Poznań,67.55257326,99.8003992,xiv liceum ogólnokształcące im. kazimierza wielkiego,Miasto na prawach powiatu,WIELKOPOLSKIE,779.0,Poznań-Nowe Miasto,XIV LICEUM OGÓLNOKSZTAŁCĄCE IM. KAZIMIERZA WIELKIEGO,ogólnodostępny
279,XIV LO im. Mjr. Henryka Sucharskiego,Katowicach,51.824999999999996,ul. Józefowska 32 40-144 Katowice Wełnowiec-Józefowiec,Katowice,279,23747,75,XIV LICEUM OGÓLNOKSZTAŁCĄCE IM.MJR HENRYKA SUCHARSKIEGO,XIV LICEUM OGÓLNOKSZTAŁCĄCE IM.MJR HENRYKA SUCHARSKIEGO,Katowice,49.94380978,84.64482567333333,xiv liceum ogólnokształcące im.mjr henryka sucharskiego,Miasto na prawach powiatu,ŚLĄSKIE,413.0,Katowice,XIV LICEUM OGÓLNOKSZTAŁCĄCE IM.MJR HENRYKA SUCHARSKIEGO,ogólnodostępny
280,XIV LO im. Polonii Belgijskiej,Wroclaw,163.57500000000002,al. Aleksandra Brücknera 10 51-410 Wrocław Psie Pole,Wrocław,280,68321,72,LICEUM OGÓLNOKSZTAŁCĄCE NR XIV IM. POLONII BELGIJSKIEJ,LICEUM OGÓLNOKSZTAŁCĄCE NR XIV IM. POLONII BELGIJSKIEJ,Wrocław,76.59699085,99.83739837333333,liceum ogólnokształcące nr xiv im. polonii belgijskiej,Miasto na prawach powiatu,DOLNOŚLĄSKIE,912.0,Wrocław-Psie Pole,LICEUM OGÓLNOKSZTAŁCĄCE NR XIV IM. POLONII BELGIJSKIEJ,"ogólnodostępny, dwujęzyczny w szkole podstawowej, liceum i technikum"
282,XIV LO im. Stanisława Staszica,Warszawie,241.2785714285714,ul. Nowowiejska 37a 02-010 Warszawa Ochota,Warszawa,282,27160,75,TECHNIKUM NR 25 IM. STANISŁAWA STASZICA,TECHNIKUM NR 25 IM. STANISŁAWA STASZICA,Warszawa,52.77160494,81.787974685,technikum nr 25 im. stanisława staszica,Miasto na prawach powiatu,MAZOWIECKIE,643.0,Bielany,TECHNIKUM NR 25 IM. STANISŁAWA STASZICA,ogólnodostępny
284,XIV LO o Oddziałami Dwujęzycznymi im Mikołaja Kopernika w Gdyni,Gdyni,158.2125,ul. Wejherowska 55 81-049 Gdynia Chylonia,Gdyni,284,18942,81,XIV LICEUM OGÓLNOKSZTAŁCĄCEGO Z ODDZIAŁAMI DWUJĘZYCZNYMI IM. MIKOŁAJA KOPERNIKA W GDYNI,XIV LICEUM OGÓLNOKSZTAŁCĄCEGO Z ODDZIAŁAMI DWUJĘZYCZNYMI IM. MIKOŁAJA KOPERNIKA W GDYNI,Gdynia,66.70673988666667,100.0,xiv liceum ogólnokształcącego z oddziałami dwujęzycznymi im. mikołaja kopernika w gdyni,Miasto na prawach powiatu,POMORSKIE,642.0,Gdynia,XIV LICEUM OGÓLNOKSZTAŁCĄCE Z ODDZIAŁAMI DWUJĘZYCZNYMI IM. MIKOŁAJA KOPERNIKA W GDYNI,"ogólnodostępny, dwujęzyczny w szkole podstawowej, liceum i technikum"
288,XIX LO im. Powstańców Warszawy,Warszawie,167.7125,ul. Zbaraska 1 04-014 Warszawa Praga-Południe,Warszawa,288,88064,74,XIX LICEUM OGÓLNOKSZTAŁCĄCE IM. POWSTAŃCÓW WARSZAWY,XIX LICEUM OGÓLNOKSZTAŁCĄCE IM. POWSTAŃCÓW WARSZAWY,Warszawa,78.8313065,100.0,xix liceum ogólnokształcące im. powstańców warszawy,Miasto na prawach powiatu,MAZOWIECKIE,616.0,Praga-Południe,XIX LICEUM OGÓLNOKSZTAŁCĄCE IM. POWSTAŃCÓW WARSZAWY,ogólnodostępny
289,XIX Liceum Ogólnokształcące Mistrzostwa Sportowego w Białymstoku Zespołu Szkół Ogólnokształcących Mistrzostwa Sportowego Nr 2 w Białymstoku,Białymstoku,60.0,Białystok ul. Promienna 13A 15-720 Białystok,Białystok,289,270972,100,XIX LICEUM OGÓLNOKSZTAŁCĄCE MISTRZOSTWA SPORTOWEGO W BIAŁYMSTOKU ZESPOŁU SZKÓŁ OGÓLNOKSZTAŁCĄCYCH MISTRZOSTWA SPORTOWEGO NR 2 W BIAŁYMSTOKU,XIX LICEUM OGÓLNOKSZTAŁCĄCE MISTRZOSTWA SPORTOWEGO W BIAŁYMSTOKU ZESPOŁU SZKÓŁ OGÓLNOKSZTAŁCĄCYCH MISTRZOSTWA SPORTOWEGO NR 2 W BIAŁYMSTOKU,Białystok,55.099999999999994,100.0,xix liceum ogólnokształcące mistrzostwa sportowego w białymstoku zespołu szkół ogólnokształcących mistrzostwa sportowego nr 2 w białymstoku,Miasto na prawach powiatu,PODLASKIE,46.0,Białystok,XIX LICEUM OGÓLNOKSZTAŁCĄCE MISTRZOSTWA SPORTOWEGO W BIAŁYMSTOKU ZESPOŁU SZKÓŁ OGÓLNOKSZTAŁCĄCYCH MISTRZOSTWA SPORTOWEGO NR 2 W BIAŁYMSTOKU,"ogólnodostępny, mistrzostwa sportowego"
290,XIX Liceum Ogólnokształcące im. Marii I Jerzego Kuncewiczów w Lublinie,Lublinie,87.6875,ul. Ignacego Rzeckiego 10 20-637 Lublin,Lublin,290,79023,100,XIX LICEUM OGÓLNOKSZTAŁCĄCE IM. MARII I JERZEGO KUNCEWICZÓW W LUBLINIE,XIX LICEUM OGÓLNOKSZTAŁCĄCE IM. MARII I JERZEGO KUNCEWICZÓW W LUBLINIE,Lublin,56.43542189666667,87.95997536666668,xix liceum ogólnokształcące im. marii i jerzego kuncewiczów w lublinie,Miasto na prawach powiatu,LUBELSKIE,498.0,Lublin,XIX LICEUM OGÓLNOKSZTAŁCĄCE IM. MARII I JERZEGO KUNCEWICZÓW W LUBLINIE,ogólnodostępny
293,XLI LO im. Joachima Lelewela,Warszawie,169.91111111111113,ul. Kiwerska 3 01-682 Warszawa Bielany,Warszawa,293,34512,73,XLI LICEUM OGÓLNOKSZTAŁCĄCE IM. JOACHIMA LELEWELA,XLI LICEUM OGÓLNOKSZTAŁCĄCE IM. JOACHIMA LELEWELA,Warszawa,79.52416714666667,99.67146521666666,xli liceum ogólnokształcące im. joachima lelewela,Miasto na prawach powiatu,MAZOWIECKIE,839.0,Bielany,XLI LICEUM OGÓLNOKSZTAŁCĄCE IM. JOACHIMA LELEWELA,"ogólnodostępny, dwujęzyczny w szkole podstawowej, liceum i technikum"
295,XLII LO im. Ireny Sendlerowej,Łodzi,54.85,ul. Stawowa 28 91-358 Łódź Bałuty,Łódź,295,27325,74,XLII LICEUM OGÓLNOKSZTAŁCĄCE IM. IRENY SENDLEROWEJ,XLII LICEUM OGÓLNOKSZTAŁCĄCE IM. IRENY SENDLEROWEJ,Łódź,48.24470344333333,86.28593628666665,xlii liceum ogólnokształcące im. ireny sendlerowej,Miasto na prawach powiatu,ŁÓDZKIE,490.0,Łódź-Bałuty,XLII LICEUM OGÓLNOKSZTAŁCĄCE IM. IRENY SENDLEROWEJ,ogólnodostępny
296,XLII LO im. Marii Konopnickiej,Warszawie,141.52,ul. Antoniego Józefa Madalińskiego 22 02-513 Warszawa Mokotów,Warszawa,296,22856,72,XLII LICEUM OGÓLNOKSZTAŁCĄCE IM. MARII KONOPNICKIEJ,XLII LICEUM OGÓLNOKSZTAŁCĄCE IM. MARII KONOPNICKIEJ,Warszawa,68.04787890333334,98.93501919666666,xlii liceum ogólnokształcące im. marii konopnickiej,Miasto na prawach powiatu,MAZOWIECKIE,660.0,Mokotów,XLII LICEUM OGÓLNOKSZTAŁCĄCE IM. MARII KONOPNICKIEJ,ogólnodostępny
298,XLIII LO im. Kazimierza Wielkiego,Warszawie,156.07500000000002,al. Aleja Niepodległości 27 02-653 Warszawa Mokotów,Warszawa,298,24345,76,XLIII LICEUM OGÓLNOKSZTAŁCĄCE IM. KAZIMIERZA WIELKIEGO,XLIII LICEUM OGÓLNOKSZTAŁCĄCE IM. KAZIMIERZA WIELKIEGO,Warszawa,69.15165746999999,97.88154782666668,xliii liceum ogólnokształcące im. kazimierza wielkiego,Miasto na prawach powiatu,MAZOWIECKIE,728.0,Mokotów,XLIII LICEUM OGÓLNOKSZTAŁCĄCE IM. KAZIMIERZA WIELKIEGO,ogólnodostępny
299,XLIII Liceum Ogólnokształcące im. Juliana Tuwima w Łodzi,Łodzi,69.16666666666667,ul. Królewska 13/15 93-319 Łódź Górna,Łódź,299,27378,92,XLIII LICEUM OGÓLNOKSZTAŁCĄCE IM. JULIANA TUWIMA,XLIII LICEUM OGÓLNOKSZTAŁCĄCE IM. JULIANA TUWIMA,Łódź,49.502891156666664,75.57256236,xliii liceum ogólnokształcące im. juliana tuwima,Miasto na prawach powiatu,ŁÓDZKIE,431.0,Łódź-Górna,XLIII LICEUM OGÓLNOKSZTAŁCĄCE IM. JULIANA TUWIMA,"ogólnodostępny, integracyjny, sportowy"
301,XLIV LO im. Stefana Banacha,Warszawie,154.245,ul. Dolna 6 00-774 Warszawa Mokotów,Warszawa,301,22897,72,XLIV LICEUM OGÓLNOKSZTAŁCĄCE IM. STEFANA BANACHA,XLIV LICEUM OGÓLNOKSZTAŁCĄCE IM. STEFANA BANACHA,Warszawa,69.64579618666667,99.46666666666665,xliv liceum ogólnokształcące im. stefana banacha,Miasto na prawach powiatu,MAZOWIECKIE,685.0,Mokotów,XLIV LICEUM OGÓLNOKSZTAŁCĄCE IM. STEFANA BANACHA,ogólnodostępny
303,XLV LO im. Romualda Traugutta,Warszawie,134.2125,ul. Miła 26 01-047 Warszawa Wola,Warszawa,303,16427,74,XLV LICEUM OGÓLNOKSZTAŁCĄCE IM. ROMUALDA TRAUGUTTA,XLV LICEUM OGÓLNOKSZTAŁCĄCE IM. ROMUALDA TRAUGUTTA,Warszawa,67.94786324666667,99.01709401666666,xlv liceum ogólnokształcące im. romualda traugutta,Miasto na prawach powiatu,MAZOWIECKIE,548.0,Wola,XLV LICEUM OGÓLNOKSZTAŁCĄCE IM. ROMUALDA TRAUGUTTA,ogólnodostępny
308,XLVII LO im. Stanisława Wyspiańskiego,Warszawie,153.16,ul. Międzyborska 64/70 04-010 Warszawa Praga-Południe,Warszawa,308,88066,78,XLVII LICEUM OGÓLNOKSZTAŁCĄCE IM. STANISŁAWA WYSPIAŃSKIEGO,XLVII LICEUM OGÓLNOKSZTAŁCĄCE IM. STANISŁAWA WYSPIAŃSKIEGO,Warszawa,75.52598415,99.53551260666666,xlvii liceum ogólnokształcące im. stanisława wyspiańskiego,Miasto na prawach powiatu,MAZOWIECKIE,713.0,Praga-Południe,XLVII LICEUM OGÓLNOKSZTAŁCĄCE IM. STANISŁAWA WYSPIAŃSKIEGO,ogólnodostępny
311,XV LO im. Jana Kasprowicza,Łodzi,133.95,ul. Traktorowa 77 91-204 Łódź Bałuty,Łódź,311,25291,71,XV LICEUM OGÓLNOKSZTAŁCĄCE IM. JANA KASPROWICZA,XV LICEUM OGÓLNOKSZTAŁCĄCE IM. JANA KASPROWICZA,Łódź,66.91455971,99.57805907333334,xv liceum ogólnokształcące im. jana kasprowicza,Miasto na prawach powiatu,ŁÓDZKIE,515.0,Łódź-Bałuty,XV LICEUM OGÓLNOKSZTAŁCĄCE IM. JANA KASPROWICZA,ogólnodostępny
316,XV LO im. prof. Wiktora Degi,Poznaniu,154.45,os. Bolesława Chrobrego 107 60-681 Poznań Stare Miasto,Poznań,316,88359,71,XV LICEUM OGÓLNOKSZTAŁCĄCE IM. P0ROF. WIKTORA DEGI,XV LICEUM OGÓLNOKSZTAŁCĄCE IM. P0ROF. WIKTORA DEGI,Poznań,66.84683962999999,99.64912280666665,xv liceum ogólnokształcące im. p0rof. wiktora degi,Miasto na prawach powiatu,WIELKOPOLSKIE,594.0,Poznań-Stare Miasto,XV LICEUM OGÓLNOKSZTAŁCĄCE IM. P0ROF. WIKTORA DEGI,ogólnodostępny
318,XV LO z Oddziałami Mistrzostwa Sportowego w Bydgoszczy,Bydgoszczy,141.73749999999998,ul. gen. Augusta Emila Fieldorfa 85-796 Bydgoszcz Nowy Fordon,Bydgoszcz,318,11640,71,XV LICEUM OGÓLNOKSZTAŁCĄCE IM. JEREMIEGO PRZYBORY Z ODDZIAŁAMI MISTRZOSTWA SPORTOWEGO W BYDGOSZCZY,XV LICEUM OGÓLNOKSZTAŁCĄCE IM. JEREMIEGO PRZYBORY Z ODDZIAŁAMI MISTRZOSTWA SPORTOWEGO W BYDGOSZCZY,Bydgoszcz,50.158758523333326,94.83018473666668,xv liceum ogólnokształcące im. jeremiego przybory z oddziałami mistrzostwa sportowego w bydgoszczy,Miasto na prawach powiatu,KUJAWSKO-POMORSKIE,457.0,Bydgoszcz,XV LICEUM OGÓLNOKSZTAŁCĄCE IM. JEREMIEGO PRZYBORY Z ODDZIAŁAMI MISTRZOSTWA SPORTOWEGO W BYDGOSZCZY,"ogólnodostępny, mistrzostwa sportowego"
321,XVI LO im. Krzysztofa Kamila Baczyńskiego,Krakowie,105.49000000000001,os. Osiedle Willowe 1 31-901 Kraków Nowa Huta,Kraków,321,4648,72,XVI LICEUM OGÓLNOKSZTAŁCĄCE IM. KRZYSZTOFA KAMILA BACZYŃSKIEGO W KRAKOWIE,XVI LICEUM OGÓLNOKSZTAŁCĄCE IM. KRZYSZTOFA KAMILA BACZYŃSKIEGO W KRAKOWIE,Kraków,61.991478199999996,93.85897991999998,xvi liceum ogólnokształcące im. krzysztofa kamila baczyńskiego w krakowie,Miasto na prawach powiatu,MAŁOPOLSKIE,510.0,Kraków-Nowa Huta,XVI LICEUM OGÓLNOKSZTAŁCĄCE IM. KRZYSZTOFA KAMILA BACZYŃSKIEGO W KRAKOWIE,"ogólnodostępny, przygotowania wojskowego"
323,XVI LO w Zespół Szkół Ekonomicznych im. A. I J. Vetterów,Lublinie,101.2,ul. Bernardyńska 14 20-109 Lublin,Lublin,323,64353,78,ZESPÓŁ SZKÓŁ EKONOMICZNYCH IM. A. I J. VETTERÓW XVI LICEUM OGÓLNOKSZTAŁCĄCE W LUBLINIE,ZESPÓŁ SZKÓŁ EKONOMICZNYCH IM. A. I J. VETTERÓW XVI LICEUM OGÓLNOKSZTAŁCĄCE W LUBLINIE,Lublin,69.55802469333332,95.83831142999999,zespół szkół ekonomicznych im. a. i j. vetterów xvi liceum ogólnokształcące w lublinie,Miasto na prawach powiatu,LUBELSKIE,180.0,Lublin,ZESPÓŁ SZKÓŁ EKONOMICZNYCH IM. A. I J. VETTERÓW XVI LICEUM OGÓLNOKSZTAŁCĄCE W LUBLINIE,ogólnodostępny
325,XVI Liceum Ogólnokształcące w Szczecinie,Szczecinie,143.01999999999998,ul. Xawerego Dunikowskiego 1 70-123 Szczecin,Szczecin,325,262227,100,XVI LICEUM OGÓLNOKSZTAŁCĄCE W SZCZECINIE,XVI LICEUM OGÓLNOKSZTAŁCĄCE W SZCZECINIE,Szczecin,59.89341560333333,98.20711358999999,xvi liceum ogólnokształcące w szczecinie,Miasto na prawach powiatu,ZACHODNIOPOMORSKIE,577.0,Szczecin,XVI LICEUM OGÓLNOKSZTAŁCĄCE W SZCZECINIE,ogólnodostępny
326,XVII LO im. Agnieszki Osieckiej,Wroclaw,143.61666666666667,ul. Tęczowa 60 53-603 Wrocław Stare Miasto,Wrocław,326,11481,72,LICEUM OGÓLNOKSZTAŁCĄCE NR XVII IM. AGNIESZKI OSIECKIEJ,LICEUM OGÓLNOKSZTAŁCĄCE NR XVII IM. AGNIESZKI OSIECKIEJ,Wrocław,69.64807708666666,99.13731069666666,liceum ogólnokształcące nr xvii im. agnieszki osieckiej,Miasto na prawach powiatu,DOLNOŚLĄSKIE,864.0,Wrocław-Stare Miasto,LICEUM OGÓLNOKSZTAŁCĄCE NR XVII IM. AGNIESZKI OSIECKIEJ,ogólnodostępny
331,XVII Liceum Ogólnokształcące Dla Słabo Słyszących w Bydgoszczy,Bydgoszczy,36.85,ul. Ludwika Waryńskiego 1 85-320 Bydgoszcz,Bydgoszcz,331,12059,78,XII LICEUM OGÓLNOKSZTAŁCĄCE W BYDGOSZCZY,XII LICEUM OGÓLNOKSZTAŁCĄCE W BYDGOSZCZY,Bydgoszcz,56.46803542666667,91.69887278333333,xii liceum ogólnokształcące w bydgoszczy,Miasto na prawach powiatu,KUJAWSKO-POMORSKIE,162.0,Bydgoszcz,XII LICEUM OGÓLNOKSZTAŁCĄCE W BYDGOSZCZY,ogólnodostępny
332,XVII Liceum Ogólnokształcące w Białymstoku Zespołu Szkół Rolniczych w Białymstoku,Białymstoku,60.65,Białystok ul. ks. Stanisława Suchowolca 26 15-567 Białystok,Białystok,332,70905,100,XVII LICEUM OGÓLNOKSZTAŁCĄCE W BIAŁYMSTOKU ZESPOŁU SZKÓŁ ROLNICZYCH W BIAŁYMSTOKU,XVII LICEUM OGÓLNOKSZTAŁCĄCE W BIAŁYMSTOKU ZESPOŁU SZKÓŁ ROLNICZYCH W BIAŁYMSTOKU,Białystok,46.104166666666664,75.0,xvii liceum ogólnokształcące w białymstoku zespołu szkół rolniczych w białymstoku,Miasto na prawach powiatu,PODLASKIE,98.0,Białystok,XVII LICEUM OGÓLNOKSZTAŁCĄCE W BIAŁYMSTOKU ZESPOŁU SZKÓŁ ROLNICZYCH W BIAŁYMSTOKU,"ogólnodostępny, mistrzostwa sportowego"
334,XVIII LO im. Jana Zamoyskiego,Warszawie,172.38333333333333,ul. Smolna 30 00-375 Warszawa Śródmieście,Warszawa,334,30251,74,XVIII LICEUM OGÓLNOKSZTAŁCĄCE IM. JANA ZAMOYSKIEGO,XVIII LICEUM OGÓLNOKSZTAŁCĄCE IM. JANA ZAMOYSKIEGO,Warszawa,81.63181738666667,100.0,xviii liceum ogólnokształcące im. jana zamoyskiego,Miasto na prawach powiatu,MAZOWIECKIE,828.0,Śródmieście,XVIII LICEUM OGÓLNOKSZTAŁCĄCE IM. JANA ZAMOYSKIEGO,ogólnodostępny
335,XVIII LO im. Jędrzeja Śniadeckiego,Łodzi,58.733333333333334,ul. Feliksa Perla 11 94-203 Łódź Polesie,Łódź,335,25292,77,XVIII LICEUM OGÓLNOKSZTAŁCĄCE IM. JĘDRZEJA ŚNIADECKIEGO,XVIII LICEUM OGÓLNOKSZTAŁCĄCE IM. JĘDRZEJA ŚNIADECKIEGO,Łódź,54.03565825333334,87.12603628666666,xviii liceum ogólnokształcące im. jędrzeja śniadeckiego,Miasto na prawach powiatu,ŁÓDZKIE,456.0,Łódź-Polesie,XVIII LICEUM OGÓLNOKSZTAŁCĄCE IM. JĘDRZEJA ŚNIADECKIEGO,ogólnodostępny
336,XVIII Liceum Ogólnokształcące,Poznaniu,33.0,ul. Szamotulska 33 60-365 Poznań Grunwald,Poznań,336,91173,100,XVIII LICEUM OGÓLNOKSZTAŁCĄCE,XVIII LICEUM OGÓLNOKSZTAŁCĄCE,Poznań,56.75773413666667,90.03537113333334,xviii liceum ogólnokształcące,Miasto na prawach powiatu,WIELKOPOLSKIE,334.0,Poznań-Grunwald,XVIII LICEUM OGÓLNOKSZTAŁCĄCE,"ogólnodostępny, sportowy, mistrzostwa sportowego"
337,XVIII Liceum Ogólnokształcące im. Józefa Wybickiego,Szczecinie,74.58749999999999,ul. Hoża 3 71-699 Szczecin,Szczecin,337,11305,100,XVIII LICEUM OGÓLNOKSZTAŁCĄCE IM. JÓZEFA WYBICKIEGO,XVIII LICEUM OGÓLNOKSZTAŁCĄCE IM. JÓZEFA WYBICKIEGO,Szczecin,60.15466183333333,87.43113582000001,xviii liceum ogólnokształcące im. józefa wybickiego,Miasto na prawach powiatu,ZACHODNIOPOMORSKIE,473.0,Szczecin,XVIII LICEUM OGÓLNOKSZTAŁCĄCE IM. JÓZEFA WYBICKIEGO,"ogólnodostępny, sportowy"
338,XVIII Liceum Ogólnokształcące im. Stanisławy Filipiny Paleolog w Lublinie,Lublinie,54.5,ul. Przyjaźni 12 20-314 Lublin,Lublin,338,68477,100,XVIII LICEUM OGÓLNOKSZTAŁCĄCE IM. STANISŁAWY FILIPINY PALEOLOG W LUBLINIE,XVIII LICEUM OGÓLNOKSZTAŁCĄCE IM. STANISŁAWY FILIPINY PALEOLOG W LUBLINIE,Lublin,56.901315790000005,74.19908467,xviii liceum ogólnokształcące im. stanisławy filipiny paleolog w lublinie,Miasto na prawach powiatu,LUBELSKIE,264.0,Lublin,XVIII LICEUM OGÓLNOKSZTAŁCĄCE IM. STANISŁAWY FILIPINY PALEOLOG W LUBLINIE,ogólnodostępny
340,XX LO im. Juliusza Słowackiego,Łodzi,94.38333333333334,ul. Karola Bohdanowicza 11 93-552 Łódź Górna,Łódź,340,25445,74,XX LICEUM OGÓLNOKSZTAŁCĄCE IM. JULIUSZA SŁOWACKIEGO,XX LICEUM OGÓLNOKSZTAŁCĄCE IM. JULIUSZA SŁOWACKIEGO,Łódź,60.966365599999996,97.79167571666666,xx liceum ogólnokształcące im. juliusza słowackiego,Miasto na prawach powiatu,ŁÓDZKIE,578.0,Łódź-Górna,XX LICEUM OGÓLNOKSZTAŁCĄCE IM. JULIUSZA SŁOWACKIEGO,ogólnodostępny
344,XX Liceum Ogólnokształcące w Lublinie,Lublinie,92.75,ul. Kazimierza Tumidajskiego 6a 20-247 Lublin,Lublin,344,79336,100,XX LICEUM OGÓLNOKSZTAŁCĄCE W LUBLINIE,XX LICEUM OGÓLNOKSZTAŁCĄCE W LUBLINIE,Lublin,58.127272725,95.0,xx liceum ogólnokształcące w lublinie,Miasto na prawach powiatu,LUBELSKIE,19.0,Lublin,XX LICEUM OGÓLNOKSZTAŁCĄCE W LUBLINIE,ogólnodostępny
345,XXI LO im. Bolesława Prusa,Łodzi,153.21,ul. Mikołaja Kopernika 2 90-509 Łódź Śródmieście,Łódź,345,25350,71,XXI LICEUM OGÓLNOKSZTAŁCĄCE IM. BOLESŁAWA PRUSA,XXI LICEUM OGÓLNOKSZTAŁCĄCE IM. BOLESŁAWA PRUSA,Łódź,71.82759112666666,99.74937343333333,xxi liceum ogólnokształcące im. bolesława prusa,Miasto na prawach powiatu,ŁÓDZKIE,551.0,Łódź-Polesie,XXI LICEUM OGÓLNOKSZTAŁCĄCE IM. BOLESŁAWA PRUSA,ogólnodostępny
347,XXI Liceum Ogólnokształcące Z Oddziałami Sportowymi,Gdańsku,86.4375,ul. Kołobrzeska 77 80-396 Gdańsk,Gdańsk,347,7983,100,XXI LICEUM OGÓLNOKSZTAŁCĄCE Z ODDZIAŁAMI SPORTOWYMI,XXI LICEUM OGÓLNOKSZTAŁCĄCE Z ODDZIAŁAMI SPORTOWYMI,Gdańsk,51.157209529999996,81.20772946666666,xxi liceum ogólnokształcące z oddziałami sportowymi,Miasto na prawach powiatu,POMORSKIE,454.0,Gdańsk,XXI LICEUM OGÓLNOKSZTAŁCĄCE Z ODDZIAŁAMI SPORTOWYMI,"ogólnodostępny, sportowy"
348,XXI Liceum Ogólnokształcące im. Gen. Władysława Andersa,Poznaniu,119.825,ul. Rybaki 17 61-883 Poznań Stare Miasto,Poznań,348,79937,100,XXI LICEUM OGÓLNOKSZTAŁCĄCE IM. GEN. WŁADYSŁAWA ANDERSA,XXI LICEUM OGÓLNOKSZTAŁCĄCE IM. GEN. WŁADYSŁAWA ANDERSA,Poznań,67.20416379,98.41557396,xxi liceum ogólnokształcące im. gen. władysława andersa,Miasto na prawach powiatu,WIELKOPOLSKIE,376.0,Poznań-Stare Miasto,XXI LICEUM OGÓLNOKSZTAŁCĄCE IM. GEN. WŁADYSŁAWA ANDERSA,ogólnodostępny
349,XXI Liceum Ogólnokształcące im. Stanisława Ignacego Witkiewicza-witkacego w Krakowie,Krakowie,69.55000000000001,os. Osiedle Tysiąclecia 15 31-606 Kraków Nowa Huta,Kraków,349,4434,100,XXI LICEUM OGÓLNOKSZTAŁCĄCE IM. STANISŁAWA IGNACEGO WITKIEWICZA-WITKACEGO W KRAKOWIE,XXI LICEUM OGÓLNOKSZTAŁCĄCE IM. STANISŁAWA IGNACEGO WITKIEWICZA-WITKACEGO W KRAKOWIE,Kraków,71.71064814666666,93.45238095333333,xxi liceum ogólnokształcące im. stanisława ignacego witkiewicza-witkacego w krakowie,Miasto na prawach powiatu,MAŁOPOLSKIE,143.0,Kraków-Nowa Huta,XXI LICEUM OGÓLNOKSZTAŁCĄCE IM. STANISŁAWA IGNACEGO WITKIEWICZA-WITKACEGO W KRAKOWIE,ogólnodostępny
350,XXI Liceum Ogólnokształcące im. Synów Pułków Integracyjne w Bydgoszczy,Bydgoszczy,31.4,ul. Adama Grzymały Siedleckiego 11 85-868 Bydgoszcz,Bydgoszcz,350,12941,100,XXI LICEUM OGÓLNOKSZTAŁCĄCE IM. SYNÓW PUŁKÓW INTEGRACYJNE W BYDGOSZCZY,XXI LICEUM OGÓLNOKSZTAŁCĄCE IM. SYNÓW PUŁKÓW INTEGRACYJNE W BYDGOSZCZY,Bydgoszcz,48.722954546666664,84.43939394,xxi liceum ogólnokształcące im. synów pułków integracyjne w bydgoszczy,Miasto na prawach powiatu,KUJAWSKO-POMORSKIE,129.0,Bydgoszcz,XXI LICEUM OGÓLNOKSZTAŁCĄCE IM. SYNÓW PUŁKÓW INTEGRACYJNE W BYDGOSZCZY,integracyjny
352,XXII Liceum Ogólnokształcące im. Generała Bronisława Ducha w Krakowie,Krakowie,0.0,os. Osiedle Szkolne 26 31-977 Kraków Nowa Huta,Kraków,352,21317,77,XXVII LICEUM OGÓLNOKSZTAŁCĄCE IM. DR. HENRYKA JORDANA W KRAKOWIE,XXVII LICEUM OGÓLNOKSZTAŁCĄCE IM. DR. HENRYKA JORDANA W KRAKOWIE,Kraków,65.18442115666667,98.48133848333333,xxvii liceum ogólnokształcące im. dr. henryka jordana w krakowie,Miasto na prawach powiatu,MAŁOPOLSKIE,869.0,Kraków-Krowodrza,XXVII LICEUM OGÓLNOKSZTAŁCĄCE IM. DR. HENRYKA JORDANA W KRAKOWIE,ogólnodostępny
354,XXIII LO im. Marii Skłodowskiej-Curie,Warszawie,126.25,ul. Naddnieprzańska 2/4 04-205 Warszawa Praga-Południe,Warszawa,354,88065,76,XXIII LICEUM OGÓLNOKSZTAŁCĄCE IM. MARII SKŁODOWSKIEJ-CURIE,XXIII LICEUM OGÓLNOKSZTAŁCĄCE IM. MARII SKŁODOWSKIEJ-CURIE,Warszawa,66.19827949666667,96.92518605666667,xxiii liceum ogólnokształcące im. marii skłodowskiej-curie,Miasto na prawach powiatu,MAZOWIECKIE,435.0,Praga-Południe,XXIII LICEUM OGÓLNOKSZTAŁCĄCE IM. MARII SKŁODOWSKIEJ-CURIE,ogólnodostępny
355,XXIII LO im. Nauczycieli Tajnego Nauczania,Lublinie,128.75,ul. Józefa Poniatowskiego 5 20-060 Lublin Wieniawa,Lublin,355,52860,71,XXIII LICEUM OGÓLNOKSZTAŁCĄCE IM. NAUCZYCIELI TAJNEGO NAUCZANIA W LUBLINIE,XXIII LICEUM OGÓLNOKSZTAŁCĄCE IM. NAUCZYCIELI TAJNEGO NAUCZANIA W LUBLINIE,Lublin,64.6704766,98.57985401666667,xxiii liceum ogólnokształcące im. nauczycieli tajnego nauczania w lublinie,Miasto na prawach powiatu,LUBELSKIE,867.0,Lublin,XXIII LICEUM OGÓLNOKSZTAŁCĄCE IM. NAUCZYCIELI TAJNEGO NAUCZANIA W LUBLINIE,"ogólnodostępny, dwujęzyczny w szkole podstawowej, liceum i technikum"
356,XXIII LO im. ks. prof. Józefa Tischnera,Łodzi,66.33333333333333,al. marsz. Józefa Piłsudskiego 159 92-301 Łódź Widzew,Łódź,356,25401,78,XXIII LICEUM OGÓLNOKSZTAŁCĄCE IM. KS. PROF. JÓZEFA TISCHNERA,XXIII LICEUM OGÓLNOKSZTAŁCĄCE IM. KS. PROF. JÓZEFA TISCHNERA,Łódź,52.23583753,86.56719466,xxiii liceum ogólnokształcące im. ks. prof. józefa tischnera,Miasto na prawach powiatu,ŁÓDZKIE,555.0,Łódź-Widzew,XXIII LICEUM OGÓLNOKSZTAŁCĄCE IM. KS. PROF. JÓZEFA TISCHNERA,"ogólnodostępny, integracyjny"
358,XXIV LO im. Cypriana Kamila Norwida,Warszawie,157.24375,ul. Obozowa 60 01-423 Warszawa Wola,Warszawa,358,16424,75,XXIV LICEUM OGÓLNOKSZTAŁCĄCE IM. CYPRIANA KAMILA NORWIDA,XXIV LICEUM OGÓLNOKSZTAŁCĄCE IM. CYPRIANA KAMILA NORWIDA,Warszawa,75.66558923999999,99.56279923,xxiv liceum ogólnokształcące im. cypriana kamila norwida,Miasto na prawach powiatu,MAZOWIECKIE,723.0,Wola,XXIV LICEUM OGÓLNOKSZTAŁCĄCE IM. CYPRIANA KAMILA NORWIDA,ogólnodostępny
359,XXIV LO im. Marii Skłodowskiej-Curie,Łodzi,97.36999999999999,ul. Marysińska 61/67 91-850 Łódź Bałuty,Łódź,359,25446,76,XXIV LICEUM OGÓLNOKSZTAŁCĄCE IM. MARII SKŁODOWSKIEJ-CURIE,XXIV LICEUM OGÓLNOKSZTAŁCĄCE IM. MARII SKŁODOWSKIEJ-CURIE,Łódź,59.68783068666667,92.15167548666666,xxiv liceum ogólnokształcące im. marii skłodowskiej-curie,Miasto na prawach powiatu,ŁÓDZKIE,489.0,Łódź-Bałuty,XXIV LICEUM OGÓLNOKSZTAŁCĄCE IM. MARII SKŁODOWSKIEJ-CURIE,ogólnodostępny
365,XXIX Liceum Ogólnokształcące,Poznaniu,106.91000000000001,ul. Świerkowa 8 61-472 Poznań Wilda,Poznań,365,86679,100,XXIX LICEUM OGÓLNOKSZTAŁCĄCE,XXIX LICEUM OGÓLNOKSZTAŁCĄCE,Poznań,60.31049884666667,92.34229472333334,xxix liceum ogólnokształcące,Miasto na prawach powiatu,WIELKOPOLSKIE,464.0,Poznań-Wilda,XXIX LICEUM OGÓLNOKSZTAŁCĄCE,"ogólnodostępny, przygotowania wojskowego"
366,XXIX Liceum Ogólnokształcące im. CC Mjr Hieronima Dekutowskiego Ps. „zapora” w Lublinie,Lublinie,134.56875,ul. Lipowa 25 20-020 Lublin,Lublin,366,133758,100,XXIX LICEUM OGÓLNOKSZTAŁCĄCE IM. CC MJR HIERONIMA DEKUTOWSKIEGO PS. „ZAPORA” W LUBLINIE,XXIX LICEUM OGÓLNOKSZTAŁCĄCE IM. CC MJR HIERONIMA DEKUTOWSKIEGO PS. „ZAPORA” W LUBLINIE,Lublin,63.941631183333335,96.78587494666665,xxix liceum ogólnokształcące im. cc mjr hieronima dekutowskiego ps. „zapora” w lublinie,Miasto na prawach powiatu,LUBELSKIE,581.0,Lublin,XXIX LICEUM OGÓLNOKSZTAŁCĄCE IM. CC MJR HIERONIMA DEKUTOWSKIEGO PS. „ZAPORA” W LUBLINIE,ogólnodostępny
368,XXV LO im. Józefa Wybickiego,Warszawie,154.61999999999998,ul. Halna 20 04-961 Warszawa Wawer,Warszawa,368,11589,72,XXV LICEUM OGÓLNOKSZTAŁCĄCE IM. JÓZEFA WYBICKIEGO,XXV LICEUM OGÓLNOKSZTAŁCĄCE IM. JÓZEFA WYBICKIEGO,Warszawa,67.01685328666666,99.69135802333334,xxv liceum ogólnokształcące im. józefa wybickiego,Miasto na prawach powiatu,MAZOWIECKIE,658.0,Wawer,XXV LICEUM OGÓLNOKSZTAŁCĄCE IM. JÓZEFA WYBICKIEGO,ogólnodostępny
369,XXV LO im. Stefana Żeromskiego,Łodzi,148.92000000000002,ul. Podhalańska 2a 93-224 Łódź Górna,Łódź,369,25360,74,XXV LICEUM OGÓLNOKSZTAŁCĄCE IM. STEFANA ŻEROMSKIEGO,XXV LICEUM OGÓLNOKSZTAŁCĄCE IM. STEFANA ŻEROMSKIEGO,Łódź,69.82621000333334,100.0,xxv liceum ogólnokształcące im. stefana żeromskiego,Miasto na prawach powiatu,ŁÓDZKIE,543.0,Łódź-Górna,XXV LICEUM OGÓLNOKSZTAŁCĄCE IM. STEFANA ŻEROMSKIEGO,ogólnodostępny
370,XXV Liceum Ogólnokształcące im. Generałowej Jadwigi Zamoyskiej,Poznaniu,134.025,Poznań ul. Widna 1 60-655 Poznań-Jeżyce,Poznań,370,29625,100,XXV LICEUM OGÓLNOKSZTAŁCĄCE IM. GENERAŁOWEJ JADWIGI ZAMOYSKIEJ,XXV LICEUM OGÓLNOKSZTAŁCĄCE IM. GENERAŁOWEJ JADWIGI ZAMOYSKIEJ,Poznań,67.92588527666668,98.80821559333333,xxv liceum ogólnokształcące im. generałowej jadwigi zamoyskiej,Miasto na prawach powiatu,WIELKOPOLSKIE,608.0,Poznań-Jeżyce,XXV LICEUM OGÓLNOKSZTAŁCĄCE IM. GENERAŁOWEJ JADWIGI ZAMOYSKIEJ,"ogólnodostępny, dwujęzyczny w szkole podstawowej, liceum i technikum"
371,XXVI LO im. Juliana Tuwima,Warszawie,121.5625,ul. Alpejska 16 04-628 Warszawa Wawer,Warszawa,371,25632,71,XXVI LICEUM OGÓLNOKSZTAŁCĄCE IM. JULIANA TUWIMA,XXVI LICEUM OGÓLNOKSZTAŁCĄCE IM. JULIANA TUWIMA,Warszawa,57.99772686,92.63847742,xxvi liceum ogólnokształcące im. juliana tuwima,Miasto na prawach powiatu,MAZOWIECKIE,513.0,Wawer,XXVI LICEUM OGÓLNOKSZTAŁCĄCE IM. JULIANA TUWIMA,"ogólnodostępny, integracyjny"
374,XXVII LO im. Tadeusza Czackiego,Warszawie,179.4,ul. Polna 5 00-625 Warszawa Śródmieście,Warszawa,374,25956,75,XXVII LICEUM OGÓLNOKSZTAŁCĄCE IM. TADEUSZA CZACKIEGO,XXVII LICEUM OGÓLNOKSZTAŁCĄCE IM. TADEUSZA CZACKIEGO,Warszawa,83.73394109333333,100.0,xxvii liceum ogólnokształcące im. tadeusza czackiego,Miasto na prawach powiatu,MAZOWIECKIE,567.0,Śródmieście,XXVII LICEUM OGÓLNOKSZTAŁCĄCE IM. TADEUSZA CZACKIEGO,ogólnodostępny
375,XXVII LO im. Zesłańców Sybiru w Lublinie,Lublinie,56.958333333333336,ul. Biedronki 13 20-543 Lublin Czuby Północne,Lublin,375,88975,77,XXVII LICEUM OGÓLNOKSZTAŁCĄCE IM. ZESŁAŃCÓW SYBIRU W LUBLINIE,XXVII LICEUM OGÓLNOKSZTAŁCĄCE IM. ZESŁAŃCÓW SYBIRU W LUBLINIE,Lublin,54.85175229,78.62146282666667,xxvii liceum ogólnokształcące im. zesłańców sybiru w lublinie,Miasto na prawach powiatu,LUBELSKIE,527.0,Lublin,XXVII LICEUM OGÓLNOKSZTAŁCĄCE IM. ZESŁAŃCÓW SYBIRU W LUBLINIE,"ogólnodostępny, przygotowania wojskowego"
377,XXVIII LO im. Jana Kochanowskiego,Warszawie,170.985,ul. Wiktorska 99 02-575 Warszawa Mokotów,Warszawa,377,22592,76,XXVIII LICEUM OGÓLNOKSZTAŁCĄCE IM. JANA KOCHANOWSKIEGO,XXVIII LICEUM OGÓLNOKSZTAŁCĄCE IM. JANA KOCHANOWSKIEGO,Warszawa,79.95271388666667,100.0,xxviii liceum ogólnokształcące im. jana kochanowskiego,Miasto na prawach powiatu,MAZOWIECKIE,760.0,Mokotów,XXVIII LICEUM OGÓLNOKSZTAŁCĄCE IM. JANA KOCHANOWSKIEGO,ogólnodostępny
379,XXVIII Liceum Ogólnokształcące,Poznaniu,124.02499999999999,ul. Raszyńska 48 60-135 Poznań Grunwald,Poznań,379,86095,100,XXVIII LICEUM OGÓLNOKSZTAŁCĄCE,XXVIII LICEUM OGÓLNOKSZTAŁCĄCE,Poznań,58.68085854666666,88.47056063999999,xxviii liceum ogólnokształcące,Miasto na prawach powiatu,WIELKOPOLSKIE,270.0,Poznań-Grunwald,XXVIII LICEUM OGÓLNOKSZTAŁCĄCE,ogólnodostępny
382,XXX LO im. Jana Śniadeckiego,Warszawie,161.00333333333333,ul. Wolność 1/3 01-018 Warszawa Wola,Warszawa,382,16425,73,XXX LICEUM OGÓLNOKSZTAŁCĄCE IM. JANA ŚNIADECKIEGO,XXX LICEUM OGÓLNOKSZTAŁCĄCE IM. JANA ŚNIADECKIEGO,Warszawa,76.76361167,100.0,xxx liceum ogólnokształcące im. jana śniadeckiego,Miasto na prawach powiatu,MAZOWIECKIE,823.0,Wola,XXX LICEUM OGÓLNOKSZTAŁCĄCE IM. JANA ŚNIADECKIEGO,"ogólnodostępny, dwujęzyczny w szkole podstawowej, liceum i technikum"
383,XXX LO im. ks. bpa Ignacego Krasickiego,Łodzi,95.88333333333334,ul. gen. Józefa Sowińskiego 50/56 91-485 Łódź Bałuty,Łódź,383,25439,77,XXX LICEUM OGÓLNOKSZTAŁCĄCE IM. KS. BP. IGNACEGO KRASICKIEGO,XXX LICEUM OGÓLNOKSZTAŁCĄCE IM. KS. BP. IGNACEGO KRASICKIEGO,Łódź,57.69762750666666,93.63387371333333,xxx liceum ogólnokształcące im. ks. bp. ignacego krasickiego,Miasto na prawach powiatu,ŁÓDZKIE,449.0,Łódź-Bałuty,XXX LICEUM OGÓLNOKSZTAŁCĄCE IM. KS. BP. IGNACEGO KRASICKIEGO,ogólnodostępny
384,XXX Liceum Ogólnokształcące im. Księdza Jana Twardowskiego w Lublinie,Lublinie,159.64374999999998,ul. Wajdeloty 12 20-604 Lublin,Lublin,384,133759,100,XXX LICEUM OGÓLNOKSZTAŁCĄCE IM. KSIĘDZA JANA TWARDOWSKIEGO W LUBLINIE,XXX LICEUM OGÓLNOKSZTAŁCĄCE IM. KSIĘDZA JANA TWARDOWSKIEGO W LUBLINIE,Lublin,71.45846162666668,100.0,xxx liceum ogólnokształcące im. księdza jana twardowskiego w lublinie,Miasto na prawach powiatu,LUBELSKIE,839.0,Lublin,XXX LICEUM OGÓLNOKSZTAŁCĄCE IM. KSIĘDZA JANA TWARDOWSKIEGO W LUBLINIE,ogólnodostępny
385,XXXI LO im. Ludwika Zamenhofa,Łodzi,134.62222222222223,ul. Konspiracyjnego Wojska Polskiego 5b 93-236 Łódź Górna,Łódź,385,25441,71,XXXI LICEUM OGÓLNOKSZTAŁCĄCE IM. LUDWIKA ZAMENHOFA,XXXI LICEUM OGÓLNOKSZTAŁCĄCE IM. LUDWIKA ZAMENHOFA,Łódź,74.24632290666666,99.78632478666667,xxxi liceum ogólnokształcące im. ludwika zamenhofa,Miasto na prawach powiatu,ŁÓDZKIE,648.0,Łódź-Górna,XXXI LICEUM OGÓLNOKSZTAŁCĄCE IM. LUDWIKA ZAMENHOFA,ogólnodostępny
387,XXXI Liceum Ogólnokształcące,Poznaniu,100.91666666666667,ul. Śniadeckich 54/58 60-774 Poznań Grunwald,Poznań,387,88677,100,XXXI LICEUM OGÓLNOKSZTAŁCĄCE,XXXI LICEUM OGÓLNOKSZTAŁCĄCE,Poznań,56.657178433333335,89.90201924666667,xxxi liceum ogólnokształcące,Miasto na prawach powiatu,WIELKOPOLSKIE,261.0,Poznań-Grunwald,XXXI LICEUM OGÓLNOKSZTAŁCĄCE,"ogólnodostępny, profil mundurowy"
389,XXXII Liceum Ogólnokształcące im. Stefana Grota-Roweckiego,Warszawie,120.65,ul. Stawki 10 00-193 Warszawa Śródmieście,Warszawa,389,49970,100,XXXII LICEUM OGÓLNOKSZTAŁCĄCE IM. STEFANA GROTA-ROWECKIEGO,XXXII LICEUM OGÓLNOKSZTAŁCĄCE IM. STEFANA GROTA-ROWECKIEGO,Warszawa,65.12769729,89.08449987,xxxii liceum ogólnokształcące im. stefana grota-roweckiego,Miasto na prawach powiatu,MAZOWIECKIE,161.0,Śródmieście,XXXII LICEUM OGÓLNOKSZTAŁCĄCE IM. STEFANA GROTA-ROWECKIEGO,ogólnodostępny
390,XXXIII LO im. Armii Krajowej,Łodzi,135.14,ul. Janusza Kusocińskiego 116 94-054 Łódź Polesie,Łódź,390,25443,73,XXXIII LICEUM OGÓLNOKSZTAŁCĄCE IM. ARMII KRAJOWEJ,XXXIII LICEUM OGÓLNOKSZTAŁCĄCE IM. ARMII KRAJOWEJ,Łódź,66.82856426000001,99.45355191333333,xxxiii liceum ogólnokształcące im. armii krajowej,Miasto na prawach powiatu,ŁÓDZKIE,671.0,Łódź-Polesie,XXXIII LICEUM OGÓLNOKSZTAŁCĄCE IM. ARMII KRAJOWEJ,"ogólnodostępny, integracyjny"
392,XXXIV LO im. Krzysztofa Kieślowskiego,Łodzi,72.4375,ul. Wapienna 17 91-087 Łódź Polesie,Łódź,392,25627,78,XXXIV LICEUM OGÓLNOKSZTAŁCĄCE IM. KRZYSZTOFA KIEŚLOWSKIEGO,XXXIV LICEUM OGÓLNOKSZTAŁCĄCE IM. KRZYSZTOFA KIEŚLOWSKIEGO,Łódź,56.88828971,91.52765794333334,xxxiv liceum ogólnokształcące im. krzysztofa kieślowskiego,Miasto na prawach powiatu,ŁÓDZKIE,386.0,Łódź-Polesie,XXXIV LICEUM OGÓLNOKSZTAŁCĄCE IM. KRZYSZTOFA KIEŚLOWSKIEGO,ogólnodostępny
394,XXXIX LO im. Lotnictwa Polskiego,Warszawie,129.8625,ul. Bogumiła Zuga 16 01-806 Warszawa Bielany,Warszawa,394,34510,73,XXXIX LICEUM OGÓLNOKSZTAŁCĄCE IM. LOTNICTWA POLSKIEGO,XXXIX LICEUM OGÓLNOKSZTAŁCĄCE IM. LOTNICTWA POLSKIEGO,Warszawa,63.87956795666667,90.99028358666665,xxxix liceum ogólnokształcące im. lotnictwa polskiego,Miasto na prawach powiatu,MAZOWIECKIE,502.0,Bielany,XXXIX LICEUM OGÓLNOKSZTAŁCĄCE IM. LOTNICTWA POLSKIEGO,ogólnodostępny
396,XXXVII LO im. Jarosława Dąbrowskiego,Warszawie,167.28,ul. Świętokrzyska 1 00-360 Warszawa Śródmieście,Warszawa,396,28516,78,XXXVII LICEUM OGÓLNOKSZTAŁCĄCE IM. JAROSŁAWA DĄBROWSKIEGO,XXXVII LICEUM OGÓLNOKSZTAŁCĄCE IM. JAROSŁAWA DĄBROWSKIEGO,Warszawa,80.43234193666666,100.0,xxxvii liceum ogólnokształcące im. jarosława dąbrowskiego,Miasto na prawach powiatu,MAZOWIECKIE,727.0,Śródmieście,XXXVII LICEUM OGÓLNOKSZTAŁCĄCE IM. JAROSŁAWA DĄBROWSKIEGO,ogólnodostępny
397,XXXVII Liceum Ogólnokształcące Z Oddziałami Terapeutycznymi,Poznaniu,27.95,ul. Klaudyny Potockiej 38 60-521 Poznań Grunwald,Poznań,397,133672,100,XXXVII LICEUM OGÓLNOKSZTAŁCĄCE Z ODDZIAŁAMI TERAPEUTYCZNYMI,XXXVII LICEUM OGÓLNOKSZTAŁCĄCE Z ODDZIAŁAMI TERAPEUTYCZNYMI,Poznań,38.48626919666666,32.769360266666666,xxxvii liceum ogólnokształcące z oddziałami terapeutycznymi,Miasto na prawach powiatu,WIELKOPOLSKIE,260.0,Poznań-Grunwald,XXXVII LICEUM OGÓLNOKSZTAŁCĄCE Z ODDZIAŁAMI TERAPEUTYCZNYMI IM. JANA PAWŁA II W POZNANIU,"ogólnodostępny, terapeutyczny"
398,XXXVIII Dwujęzyczne Liceum Ogólnokształcące,Poznaniu,176.05714285714285,ul. Michała Drzymały 4 lok.6 60-613 Poznań Jeżyce,Poznań,398,133673,100,XXXVIII DWUJĘZYCZNE LICEUM OGÓLNOKSZTAŁCĄCE,XXXVIII DWUJĘZYCZNE LICEUM OGÓLNOKSZTAŁCĄCE,Poznań,74.43513911666666,100.0,xxxviii dwujęzyczne liceum ogólnokształcące,Miasto na prawach powiatu,WIELKOPOLSKIE,712.0,Poznań-Jeżyce,XXXVIII DWUJĘZYCZNE LICEUM OGÓLNOKSZTAŁCĄCE,"dwujęzyczny w szkole podstawowej, liceum i technikum"
399,XXXVIII LO im. Stanisława Kostki Potockiego,Warszawie,136.26250000000002,ul. Wiertnicza 26 02-952 Warszawa Wilanów,Warszawa,399,41853,72,XXXVIII LICEUM OGÓLNOKSZTAŁCĄCE IM. STANISŁAWA KOSTKI POTOCKIEGO W WARSZAWIE,XXXVIII LICEUM OGÓLNOKSZTAŁCĄCE IM. STANISŁAWA KOSTKI POTOCKIEGO W WARSZAWIE,Warszawa,70.60035898666666,100.0,xxxviii liceum ogólnokształcące im. stanisława kostki potockiego w warszawie,Miasto na prawach powiatu,MAZOWIECKIE,491.0,Wilanów,XXXVIII LICEUM OGÓLNOKSZTAŁCĄCE IM. STANISŁAWA KOSTKI POTOCKIEGO W WARSZAWIE,"ogólnodostępny, dwujęzyczny w szkole podstawowej, liceum i technikum"
400,Zespół Szkół Ogólnokształcących Nr 10 im. Eugeniusza Kwiatkowskiego w Gdańsku - XXIII Liceum Ogólnokształcące,Gdańsku,98.23333333333333,ul. Ignacego Krasickiego 10 80-515 Gdańsk,Gdańsk,400,17601,100,ZESPÓŁ SZKÓŁ OGÓLNOKSZTAŁCĄCYCH NR 10 IM. EUGENIUSZA KWIATKOWSKIEGO W GDAŃSKU - XXIII LICEUM OGÓLNOKSZTAŁCĄCE,ZESPÓŁ SZKÓŁ OGÓLNOKSZTAŁCĄCYCH NR 10 IM. EUGENIUSZA KWIATKOWSKIEGO W GDAŃSKU - XXIII LICEUM OGÓLNOKSZTAŁCĄCE,Gdańsk,59.712345676666665,78.20105819999999,zespół szkół ogólnokształcących nr 10 im. eugeniusza kwiatkowskiego w gdańsku - xxiii liceum ogólnokształcące,Miasto na prawach powiatu,POMORSKIE,295.0,Gdańsk,ZESPÓŁ SZKÓŁ OGÓLNOKSZTAŁCĄCYCH NR 10 IM. EUGENIUSZA KWIATKOWSKIEGO W GDAŃSKU - XXIII LICEUM OGÓLNOKSZTAŁCĄCE,"ogólnodostępny, integracyjny"
401,Zespół Szkół Ogólnokształcących Nr 5 - IV Liceum Ogólnokształcące Z Oddziałami Mistrzostwa Sportowego im. Marynarzy Wojsk Ochrony Pogranicza w Gdańsku,Gdańsku,104.28500000000001,ul. Na Zaspę 31a 80-546 Gdańsk,Gdańsk,401,18356,100,ZESPÓŁ SZKÓŁ OGÓLNOKSZTAŁCĄCYCH NR 5 - IV LICEUM OGÓLNOKSZTAŁCĄCE Z ODDZIAŁAMI MISTRZOSTWA SPORTOWEGO IM. MARYNARZY WOJSK OCHRONY POGRANICZA W GDAŃSKU,ZESPÓŁ SZKÓŁ OGÓLNOKSZTAŁCĄCYCH NR 5 - IV LICEUM OGÓLNOKSZTAŁCĄCE Z ODDZIAŁAMI MISTRZOSTWA SPORTOWEGO IM. MARYNARZY WOJSK OCHRONY POGRANICZA W GDAŃSKU,Gdańsk,52.573523466666664,85.82857208333333,zespół szkół ogólnokształcących nr 5 - iv liceum ogólnokształcące z oddziałami mistrzostwa sportowego im. marynarzy wojsk ochrony pogranicza w gdańsku,Miasto na prawach powiatu,POMORSKIE,748.0,Gdańsk,IV LICEUM OGÓLNOKSZTAŁCĄCE Z ODDZIAŁAMI MISTRZOSTWA SPORTOWEGO IM. MARYNARZY WOJSK OCHRONY POGRANICZA W GDAŃSKU,"ogólnodostępny, mistrzostwa sportowego, profil mundurowy"
402,Zespół Szkół Ogólnokształcących Nr 6 - VI Liceum Ogólnokształcące w Gdańsku,Gdańsku,125.05,ul. Głęboka 11 80-759 Gdańsk,Gdańsk,402,18579,100,ZESPÓŁ SZKÓŁ OGÓLNOKSZTAŁCĄCYCH NR 6 - VI LICEUM OGÓLNOKSZTAŁCĄCE W GDAŃSKU,ZESPÓŁ SZKÓŁ OGÓLNOKSZTAŁCĄCYCH NR 6 - VI LICEUM OGÓLNOKSZTAŁCĄCE W GDAŃSKU,Gdańsk,59.23200069666667,87.10034542,zespół szkół ogólnokształcących nr 6 - vi liceum ogólnokształcące w gdańsku,Miasto na prawach powiatu,POMORSKIE,699.0,Gdańsk,ZESPÓŁ SZKÓŁ OGÓLNOKSZTAŁCĄCYCH NR 6 - VI LICEUM OGÓLNOKSZTAŁCĄCE W GDAŃSKU,"ogólnodostępny, sportowy"
403,Zespół Szkół Ogólnokształcących Nr 8 im. w Gdańsku - XIV Liceum Ogólnokształcące im. Jana Pawła Ii,Gdańsku,135.45000000000002,ul. Janusza Meissnera 9 80-462 Gdańsk,Gdańsk,403,15300,100,ZESPÓŁ SZKÓŁ OGÓLNOKSZTAŁCĄCYCH NR 8 IM. W GDAŃSKU - XIV LICEUM OGÓLNOKSZTAŁCĄCE IM. JANA PAWŁA II,ZESPÓŁ SZKÓŁ OGÓLNOKSZTAŁCĄCYCH NR 8 IM. W GDAŃSKU - XIV LICEUM OGÓLNOKSZTAŁCĄCE IM. JANA PAWŁA II,Gdańsk,56.83791329333334,93.52492917666666,zespół szkół ogólnokształcących nr 8 im. w gdańsku - xiv liceum ogólnokształcące im. jana pawła ii,Miasto na prawach powiatu,POMORSKIE,591.0,Gdańsk,ZESPÓŁ SZKÓŁ OGÓLNOKSZTAŁCĄCYCH NR 8 IM. W GDAŃSKU - XIV LICEUM OGÓLNOKSZTAŁCĄCE IM. JANA PAWŁA II,ogólnodostępny
